-- phpMyAdmin SQL Dump
-- version 4.7.4
-- https://www.phpmyadmin.net/
--
-- Host: 127.0.0.1:3306
-- Generation Time: Mar 05, 2018 at 09:34 PM
-- Server version: 5.7.19
-- PHP Version: 7.1.9

SET SQL_MODE = "NO_AUTO_VALUE_ON_ZERO";
SET AUTOCOMMIT = 0;
START TRANSACTION;
SET time_zone = "+00:00";


/*!40101 SET @OLD_CHARACTER_SET_CLIENT=@@CHARACTER_SET_CLIENT */;
/*!40101 SET @OLD_CHARACTER_SET_RESULTS=@@CHARACTER_SET_RESULTS */;
/*!40101 SET @OLD_COLLATION_CONNECTION=@@COLLATION_CONNECTION */;
/*!40101 SET NAMES utf8mb4 */;

--
-- Database: `1college`
--

-- --------------------------------------------------------

--
-- Table structure for table `tblanswer`
--

DROP TABLE IF EXISTS `tblanswer`;
CREATE TABLE IF NOT EXISTS `tblanswer` (
  `pkanswerid` int(10) UNSIGNED NOT NULL AUTO_INCREMENT,
  `fkquestionid` int(10) UNSIGNED NOT NULL,
  `txanswer` json NOT NULL,
  PRIMARY KEY (`pkanswerid`),
  KEY `fkquestionid` (`fkquestionid`)
) ENGINE=InnoDB AUTO_INCREMENT=67 DEFAULT CHARSET=utf8mb4 COLLATE=utf8mb4_unicode_ci;

--
-- Dumping data for table `tblanswer`
--

INSERT INTO `tblanswer` (`pkanswerid`, `fkquestionid`, `txanswer`) VALUES
(1, 1, '\"Commute\"'),
(2, 1, '\"Live On Campus\"'),
(3, 2, '5'),
(4, 2, '10'),
(5, 2, '20'),
(6, 2, '30'),
(7, 2, '40'),
(8, 2, '60'),
(9, 2, '\"More than 60\"'),
(10, 3, '\"On-Campus Dorm\"'),
(11, 3, '\"On-Campus Apartment\"'),
(12, 3, '\"Off-Campus\"'),
(13, 4, '\"Roommates\"'),
(14, 4, '\"Live by Myself\"'),
(15, 5, '\"Academia\"'),
(16, 5, '\"Athletics\"'),
(17, 5, '\"Social Life\"'),
(18, 6, '\"Yes\"'),
(19, 6, '\"No\"'),
(20, 7, '\"Yes\"'),
(21, 7, '\"No\"'),
(22, 8, '\"Yes\"'),
(23, 8, '\"No\"'),
(24, 9, '\"Yes\"'),
(25, 9, '\"No\"'),
(26, 10, '\"Yes\"'),
(27, 10, '\"No\"'),
(28, 11, '\"Urban\"'),
(29, 11, '\"Suburban\"'),
(30, 11, '\"Rural\"'),
(31, 11, '\"Small Town\"'),
(32, 12, '\"Private\"'),
(33, 12, '\"Public\"'),
(34, 13, '\"Small (<= 5000)\"'),
(35, 13, '\"Medium (<= 15000)\"'),
(36, 13, '\"Large (<= 30000)\"'),
(37, 13, '\"Huge (>30000)\"'),
(38, 14, '\"In-State\"'),
(39, 14, '\"Out-Of-State\"'),
(40, 15, '\"Yes\"'),
(41, 15, '\"No\"'),
(42, 16, '\"<=$10,000\"'),
(43, 16, '\"<=$50,000\"'),
(44, 16, '\"<=$100,000\"'),
(45, 16, '\">100,000\"'),
(46, 17, '\"Yes\"'),
(47, 17, '\"No\"'),
(48, 18, '\"Majority Men\"'),
(49, 18, '\"Majority Women\"'),
(50, 18, '\"Balanced\"'),
(51, 19, '\"Air Force\"'),
(52, 19, '\"Army\"'),
(53, 19, '\"Navy\"'),
(54, 19, '\"Marines\"'),
(55, 19, '\"Coast Guard\"'),
(56, 19, '\"Air National Guard\"'),
(57, 19, '\"Army National Guard\"'),
(58, 20, '\"Yes\"'),
(59, 20, '\"No\"'),
(60, 21, '\"Visual\"'),
(61, 21, '\"Hearing/Auditory\"'),
(62, 21, '\"Physical\"'),
(63, 21, '\"Cognitive/Learning\"'),
(64, 21, '\"Psychological\"'),
(65, 21, '\"Invisible\"'),
(66, 21, '\"Cancer/Chronic Illness\"');

-- --------------------------------------------------------

--
-- Table structure for table `tblcollege`
--

DROP TABLE IF EXISTS `tblcollege`;
CREATE TABLE IF NOT EXISTS `tblcollege` (
  `pkcollegeid` int(10) UNSIGNED NOT NULL AUTO_INCREMENT,
  `nmcollege` varchar(255) COLLATE utf8mb4_unicode_ci NOT NULL,
  `entype` enum('2-year','4-year','vocational','online','Grad School') COLLATE utf8mb4_unicode_ci DEFAULT NULL,
  `txstreetaddress` varchar(100) COLLATE utf8mb4_unicode_ci NOT NULL,
  `txcity` varchar(20) COLLATE utf8mb4_unicode_ci NOT NULL,
  `fkprovinceid` int(10) UNSIGNED NOT NULL,
  `nzip` int(5) UNSIGNED NOT NULL,
  `txwebsite` varchar(200) COLLATE utf8mb4_unicode_ci DEFAULT NULL,
  `nphone` int(10) UNSIGNED DEFAULT NULL,
  `ninstate` int(7) UNSIGNED NOT NULL,
  `noutstate` int(7) UNSIGNED NOT NULL,
  `nfinancialave` int(7) DEFAULT NULL,
  `nacceptrate` float UNSIGNED NOT NULL,
  `nprof` int(5) UNSIGNED DEFAULT NULL,
  `nsize` int(10) UNSIGNED DEFAULT NULL,
  `nwomenratio` float UNSIGNED DEFAULT NULL,
  `nact` int(2) UNSIGNED DEFAULT NULL,
  `nsat` int(4) UNSIGNED DEFAULT NULL,
  `ensetting` enum('Urban','Suburban','Rural','Small Town') COLLATE utf8mb4_unicode_ci NOT NULL,
  PRIMARY KEY (`pkcollegeid`),
  KEY `fkprovinceid` (`fkprovinceid`)
) ENGINE=InnoDB AUTO_INCREMENT=10 DEFAULT CHARSET=utf8mb4 COLLATE=utf8mb4_unicode_ci;

--
-- Dumping data for table `tblcollege`
--

INSERT INTO `tblcollege` (`pkcollegeid`, `nmcollege`, `entype`, `txstreetaddress`, `txcity`, `fkprovinceid`, `nzip`, `txwebsite`, `nphone`, `ninstate`, `noutstate`, `nfinancialave`, `nacceptrate`, `nprof`, `nsize`, `nwomenratio`, `nact`, `nsat`, `ensetting`) VALUES
(1, 'Wayne State', NULL, '656 West Kirby Street ', 'Detroit', 3656, 48202, NULL, NULL, 12264, 28151, 11110, 0.81, 1778, 17280, 0.56, NULL, NULL, 'Urban'),
(2, 'Michigan State University', NULL, '220 Trowbridge Road', 'East Lansing', 3656, 48824, NULL, NULL, 14460, 39405, 13202, 0.65, NULL, 39090, 0.51, 26, NULL, 'Suburban'),
(3, 'Fordham University', NULL, '441 East Fordham Road ', 'Bronx', 3669, 10458, NULL, NULL, 49645, 49645, 33566, 0.45, 1569, 9258, 0.57, 29, NULL, 'Urban'),
(4, 'Hocking College', NULL, '3301 Hocking Parkway', 'Nelsonville', 3670, 45764, NULL, NULL, 4390, 8780, NULL, 1, 281, 4094, 0.51, NULL, NULL, 'Rural'),
(5, 'Kettering University ', NULL, '1700 University Avenue ', 'Flint', 3656, 48504, NULL, NULL, 39790, 39790, 21047, 0.71, 163, 1905, 0.18, NULL, NULL, 'Urban'),
(6, 'King\'s College ', NULL, '133 North River Street', 'Wilkes-Barre', 3673, 18711, NULL, NULL, 34630, 34630, 24694, 0.7, NULL, 2082, 0.48, NULL, NULL, 'Urban'),
(7, 'Central Michigan University', NULL, '1200 S. Franklin St', 'Mt Pleasant', 3656, 48859, NULL, NULL, 12510, 23670, 13708, 0.72, 1162, 19923, 0.57, 23, NULL, 'Small Town'),
(8, 'Eastern Michigan University', NULL, '900 Oakwood Street', 'Ypsilanti', 3656, 48197, NULL, NULL, 12120, 27711, 8785, 0.73, 1356, 17541, 0.59, NULL, NULL, 'Suburban'),
(9, 'University of Michigan', NULL, '500 S State Street', 'Ann Arbor', 3656, 48109, NULL, NULL, 14074, 45082, 24323, 0.28, 3434, 28983, 0.5, NULL, NULL, 'Urban');

-- --------------------------------------------------------

--
-- Table structure for table `tblcollegecampus`
--

DROP TABLE IF EXISTS `tblcollegecampus`;
CREATE TABLE IF NOT EXISTS `tblcollegecampus` (
  `fkcollegeid` int(10) UNSIGNED NOT NULL AUTO_INCREMENT,
  `haslibrary` tinyint(1) UNSIGNED NOT NULL DEFAULT '0',
  `hasdorm` tinyint(1) UNSIGNED NOT NULL DEFAULT '0',
  `hasapartments` tinyint(1) UNSIGNED NOT NULL DEFAULT '0',
  `nroomcost` int(1) UNSIGNED DEFAULT NULL,
  `nroomboardcost` int(1) UNSIGNED DEFAULT NULL,
  `hasroommates` tinyint(1) UNSIGNED NOT NULL DEFAULT '0',
  `chooseroommates` tinyint(1) UNSIGNED NOT NULL DEFAULT '0',
  `hasmealplan` tinyint(1) UNSIGNED NOT NULL DEFAULT '0',
  `hashealthcenter` tinyint(1) UNSIGNED NOT NULL DEFAULT '0',
  `haslegal` tinyint(1) UNSIGNED NOT NULL DEFAULT '0',
  `hascounseling` tinyint(1) UNSIGNED NOT NULL DEFAULT '0',
  `hasreccenter` tinyint(1) UNSIGNED NOT NULL DEFAULT '0',
  PRIMARY KEY (`fkcollegeid`)
) ENGINE=InnoDB AUTO_INCREMENT=6 DEFAULT CHARSET=utf8mb4 COLLATE=utf8mb4_unicode_ci;

--
-- Dumping data for table `tblcollegecampus`
--

INSERT INTO `tblcollegecampus` (`fkcollegeid`, `haslibrary`, `hasdorm`, `hasapartments`, `nroomcost`, `nroomboardcost`, `hasroommates`, `chooseroommates`, `hasmealplan`, `hashealthcenter`, `haslegal`, `hascounseling`, `hasreccenter`) VALUES
(1, 1, 1, 1, 6308, 10106, 1, 1, 1, 1, 1, 1, 1),
(3, 0, 1, 1, NULL, 17445, 1, 1, 1, 0, 0, 1, 1),
(4, 1, 1, 0, NULL, 8560, 1, 1, 1, 0, 0, 1, 1),
(5, 1, 1, 0, NULL, 7780, 1, 0, 1, 0, 1, 1, 1);

-- --------------------------------------------------------

--
-- Table structure for table `tblcollegepoints`
--

DROP TABLE IF EXISTS `tblcollegepoints`;
CREATE TABLE IF NOT EXISTS `tblcollegepoints` (
  `pkcollegepoints` int(10) UNSIGNED NOT NULL AUTO_INCREMENT,
  `fkcollegeid` int(10) UNSIGNED NOT NULL,
  `fkeduprofileid` int(10) UNSIGNED NOT NULL,
  `npoints` int(10) UNSIGNED NOT NULL,
  PRIMARY KEY (`pkcollegepoints`),
  KEY `fkcollegeid` (`fkcollegeid`),
  KEY `fkeduprofileid` (`fkeduprofileid`)
) ENGINE=InnoDB DEFAULT CHARSET=utf8mb4 COLLATE=utf8mb4_unicode_ci;

-- --------------------------------------------------------

--
-- Table structure for table `tblcollegerep`
--

DROP TABLE IF EXISTS `tblcollegerep`;
CREATE TABLE IF NOT EXISTS `tblcollegerep` (
  `fkuserid` int(10) UNSIGNED NOT NULL,
  `fkcollegeid` int(10) UNSIGNED NOT NULL,
  PRIMARY KEY (`fkuserid`,`fkcollegeid`),
  KEY `fkuserid` (`fkuserid`),
  KEY `fkcollegeid` (`fkcollegeid`)
) ENGINE=InnoDB DEFAULT CHARSET=utf8mb4 COLLATE=utf8mb4_unicode_ci;

-- --------------------------------------------------------

--
-- Table structure for table `tblcollegescholarship`
--

DROP TABLE IF EXISTS `tblcollegescholarship`;
CREATE TABLE IF NOT EXISTS `tblcollegescholarship` (
  `pkcscholarship` int(10) UNSIGNED NOT NULL AUTO_INCREMENT,
  `fkcollegeid` int(10) UNSIGNED NOT NULL,
  `nmscholarship` varchar(50) COLLATE utf8mb4_unicode_ci NOT NULL,
  `entype` enum('Grant','Loan','Merit based') COLLATE utf8mb4_unicode_ci NOT NULL,
  `txdescription` varchar(200) COLLATE utf8mb4_unicode_ci NOT NULL,
  `txrequirements` varchar(500) COLLATE utf8mb4_unicode_ci NOT NULL,
  `enfield` enum('Liberal Arts','Medical and Life Science','Visual and Performance Arts','Engineering and Technology','Business') COLLATE utf8mb4_unicode_ci DEFAULT NULL,
  `ngpa` float UNSIGNED DEFAULT NULL,
  `namount` int(10) UNSIGNED NOT NULL,
  PRIMARY KEY (`pkcscholarship`),
  KEY `fkcollegeid` (`fkcollegeid`)
) ENGINE=InnoDB DEFAULT CHARSET=utf8mb4 COLLATE=utf8mb4_unicode_ci;

-- --------------------------------------------------------

--
-- Table structure for table `tblcollegesite`
--

DROP TABLE IF EXISTS `tblcollegesite`;
CREATE TABLE IF NOT EXISTS `tblcollegesite` (
  `fkcollegeid` int(10) UNSIGNED NOT NULL,
  `txsite` varchar(100) COLLATE utf8mb4_unicode_ci NOT NULL,
  `txlink` varchar(2083) COLLATE utf8mb4_unicode_ci NOT NULL,
  KEY `fkcollegeid` (`fkcollegeid`)
) ENGINE=InnoDB DEFAULT CHARSET=utf8mb4 COLLATE=utf8mb4_unicode_ci;

--
-- Dumping data for table `tblcollegesite`
--

INSERT INTO `tblcollegesite` (`fkcollegeid`, `txsite`, `txlink`) VALUES
(1, 'Housing and Residential Life', 'https://housing.wayne.edu/live'),
(1, 'Main Page', 'https://wayne.edu/'),
(3, 'Main Page', 'https://www.fordham.edu/info/20312/fordham_college_at_rose_hill'),
(3, 'Tuition and Fees', 'https://www.fordham.edu/info/21259/tuition_and_fees'),
(3, 'Housing Rates', 'https://www.fordham.edu/info/20421/living_on_campus/5667/housing_rates'),
(4, 'On-Campus Housing', 'https://www.hocking.edu/housing-meal-plan-information'),
(4, 'Library', 'https://www.hocking.edu/library'),
(4, 'Main Page', 'https://www.hocking.edu/'),
(5, 'Recreation Center', 'https://www.kettering.edu/about/rec-center-usage'),
(5, 'Main Page', 'https://www.kettering.edu/'),
(5, 'Residence Life', 'https://www.kettering.edu/undergraduate-admissions/campus-life/reslife'),
(5, 'Tuition ', 'https://www.kettering.edu/undergraduate-admissions/affordability/finaid-cost-tuition'),
(5, 'Financial Ail', 'https://www.kettering.edu/undergraduate-admissions/affordability');

-- --------------------------------------------------------

--
-- Table structure for table `tblcollegesports`
--

DROP TABLE IF EXISTS `tblcollegesports`;
CREATE TABLE IF NOT EXISTS `tblcollegesports` (
  `fksportsid` int(10) UNSIGNED NOT NULL,
  `fkcollegeid` int(10) UNSIGNED NOT NULL,
  `iswomen` tinyint(1) UNSIGNED NOT NULL DEFAULT '0',
  `isteam` tinyint(1) UNSIGNED NOT NULL DEFAULT '0',
  `isclub` tinyint(1) UNSIGNED NOT NULL DEFAULT '0',
  `isscholarship` tinyint(1) UNSIGNED NOT NULL DEFAULT '0',
  PRIMARY KEY (`fksportsid`,`fkcollegeid`,`iswomen`),
  KEY `fksportsid` (`fksportsid`),
  KEY `fkcollegeid` (`fkcollegeid`)
) ENGINE=InnoDB DEFAULT CHARSET=utf8mb4 COLLATE=utf8mb4_unicode_ci;

--
-- Dumping data for table `tblcollegesports`
--

INSERT INTO `tblcollegesports` (`fksportsid`, `fkcollegeid`, `iswomen`, `isteam`, `isclub`, `isscholarship`) VALUES
(28, 1, 0, 0, 1, 0),
(53, 1, 0, 1, 1, 1),
(53, 1, 1, 1, 1, 1),
(53, 3, 1, 1, 1, 1),
(53, 4, 0, 1, 0, 0),
(53, 4, 1, 1, 1, 0),
(66, 1, 0, 1, 0, 1),
(66, 4, 0, 1, 0, 0),
(67, 1, 1, 1, 1, 1),
(67, 3, 1, 1, 0, 1),
(67, 4, 1, 1, 0, 0),
(67, 7, 1, 1, 1, 1),
(105, 7, 0, 0, 1, 0),
(105, 7, 1, 1, 1, 1),
(140, 1, 0, 0, 1, 0),
(140, 1, 1, 0, 1, 0),
(178, 4, 0, 1, 0, 0),
(178, 7, 0, 1, 1, 1),
(178, 7, 1, 0, 1, 0),
(260, 1, 1, 1, 0, 1),
(336, 1, 1, 1, 0, 1),
(336, 4, 1, 1, 0, 0),
(343, 7, 0, 0, 1, 0),
(431, 3, 0, 1, 0, 1),
(431, 7, 0, 1, 1, 1),
(467, 1, 0, 1, 1, 1),
(467, 1, 1, 0, 1, 1),
(467, 3, 0, 1, 0, 1),
(467, 7, 0, 0, 1, 0),
(507, 7, 0, 0, 1, 0),
(519, 3, 0, 1, 0, 1),
(519, 3, 1, 1, 0, 1),
(519, 4, 0, 1, 1, 0),
(519, 4, 1, 1, 0, 0),
(574, 7, 1, 0, 1, 0),
(580, 3, 1, 1, 0, 1),
(585, 3, 0, 1, 0, 1),
(585, 4, 0, 1, 0, 0),
(585, 7, 1, 0, 1, 0),
(604, 3, 0, 1, 0, 1),
(618, 3, 0, 1, 0, 0),
(619, 3, 1, 0, 1, 0),
(626, 7, 0, 0, 1, 0),
(626, 7, 1, 0, 1, 0),
(691, 4, 0, 1, 0, 0),
(691, 7, 1, 1, 1, 1);

-- --------------------------------------------------------

--
-- Table structure for table `tblcountry`
--

DROP TABLE IF EXISTS `tblcountry`;
CREATE TABLE IF NOT EXISTS `tblcountry` (
  `pkcountryid` int(3) UNSIGNED NOT NULL AUTO_INCREMENT,
  `idiso` varchar(2) COLLATE utf8mb4_unicode_ci NOT NULL,
  `nmname` varchar(80) COLLATE utf8mb4_unicode_ci NOT NULL,
  `idphonecode` int(5) UNSIGNED NOT NULL,
  PRIMARY KEY (`pkcountryid`)
) ENGINE=InnoDB AUTO_INCREMENT=254 DEFAULT CHARSET=utf8mb4 COLLATE=utf8mb4_unicode_ci;

--
-- Dumping data for table `tblcountry`
--

INSERT INTO `tblcountry` (`pkcountryid`, `idiso`, `nmname`, `idphonecode`) VALUES
(1, 'AF', 'Afghanistan', 93),
(2, 'AL', 'Albania', 355),
(3, 'DZ', 'Algeria', 213),
(4, 'AS', 'American Samoa', 1684),
(5, 'AD', 'Andorra', 376),
(6, 'AO', 'Angola', 244),
(7, 'AI', 'Anguilla', 1264),
(8, 'AQ', 'Antarctica', 0),
(9, 'AG', 'Antigua and Barbuda', 1268),
(10, 'AR', 'Argentina', 54),
(11, 'AM', 'Armenia', 374),
(12, 'AW', 'Aruba', 297),
(13, 'AU', 'Australia', 61),
(14, 'AT', 'Austria', 43),
(15, 'AZ', 'Azerbaijan', 994),
(16, 'BS', 'Bahamas', 1242),
(17, 'BH', 'Bahrain', 973),
(18, 'BD', 'Bangladesh', 880),
(19, 'BB', 'Barbados', 1246),
(20, 'BY', 'Belarus', 375),
(21, 'BE', 'Belgium', 32),
(22, 'BZ', 'Belize', 501),
(23, 'BJ', 'Benin', 229),
(24, 'BM', 'Bermuda', 1441),
(25, 'BT', 'Bhutan', 975),
(26, 'BO', 'Bolivia', 591),
(27, 'BA', 'Bosnia and Herzegovina', 387),
(28, 'BW', 'Botswana', 267),
(29, 'BV', 'Bouvet Island', 0),
(30, 'BR', 'Brazil', 55),
(31, 'IO', 'British Indian Ocean Territory', 246),
(32, 'BN', 'Brunei Darussalam', 673),
(33, 'BG', 'Bulgaria', 359),
(34, 'BF', 'Burkina Faso', 226),
(35, 'BI', 'Burundi', 257),
(36, 'KH', 'Cambodia', 855),
(37, 'CM', 'Cameroon', 237),
(38, 'CA', 'Canada', 1),
(39, 'CV', 'Cape Verde', 238),
(40, 'KY', 'Cayman Islands', 1345),
(41, 'CF', 'Central African Republic', 236),
(42, 'TD', 'Chad', 235),
(43, 'CL', 'Chile', 56),
(44, 'CN', 'China', 86),
(45, 'CX', 'Christmas Island', 61),
(46, 'CC', 'Cocos (Keeling) Islands', 672),
(47, 'CO', 'Colombia', 57),
(48, 'KM', 'Comoros', 269),
(49, 'CG', 'Congo', 242),
(50, 'CD', 'Congo, the Democratic Republic of the', 243),
(51, 'CK', 'Cook Islands', 682),
(52, 'CR', 'Costa Rica', 506),
(53, 'CI', 'Cote D\'Ivoire', 225),
(54, 'HR', 'Croatia', 385),
(55, 'CU', 'Cuba', 53),
(56, 'CY', 'Cyprus', 357),
(57, 'CZ', 'Czech Republic', 420),
(58, 'DK', 'Denmark', 45),
(59, 'DJ', 'Djibouti', 253),
(60, 'DM', 'Dominica', 1767),
(61, 'DO', 'Dominican Republic', 1809),
(62, 'EC', 'Ecuador', 593),
(63, 'EG', 'Egypt', 20),
(64, 'SV', 'El Salvador', 503),
(65, 'GQ', 'Equatorial Guinea', 240),
(66, 'ER', 'Eritrea', 291),
(67, 'EE', 'Estonia', 372),
(68, 'ET', 'Ethiopia', 251),
(69, 'FK', 'Falkland Islands (Malvinas)', 500),
(70, 'FO', 'Faroe Islands', 298),
(71, 'FJ', 'Fiji', 679),
(72, 'FI', 'Finland', 358),
(73, 'FR', 'France', 33),
(74, 'GF', 'French Guiana', 594),
(75, 'PF', 'French Polynesia', 689),
(76, 'TF', 'French Southern Territories', 0),
(77, 'GA', 'Gabon', 241),
(78, 'GM', 'Gambia', 220),
(79, 'GE', 'Georgia', 995),
(80, 'DE', 'Germany', 49),
(81, 'GH', 'Ghana', 233),
(82, 'GI', 'Gibraltar', 350),
(83, 'GR', 'Greece', 30),
(84, 'GL', 'Greenland', 299),
(85, 'GD', 'Grenada', 1473),
(86, 'GP', 'Guadeloupe', 590),
(87, 'GU', 'Guam', 1671),
(88, 'GT', 'Guatemala', 502),
(89, 'GN', 'Guinea', 224),
(90, 'GW', 'Guinea-Bissau', 245),
(91, 'GY', 'Guyana', 592),
(92, 'HT', 'Haiti', 509),
(93, 'HM', 'Heard Island and Mcdonald Islands', 0),
(94, 'VA', 'Holy See (Vatican City State)', 39),
(95, 'HN', 'Honduras', 504),
(96, 'HK', 'Hong Kong', 852),
(97, 'HU', 'Hungary', 36),
(98, 'IS', 'Iceland', 354),
(99, 'IN', 'India', 91),
(100, 'ID', 'Indonesia', 62),
(101, 'IR', 'Iran, Islamic Republic of', 98),
(102, 'IQ', 'Iraq', 964),
(103, 'IE', 'Ireland', 353),
(104, 'IL', 'Israel', 972),
(105, 'IT', 'Italy', 39),
(106, 'JM', 'Jamaica', 1876),
(107, 'JP', 'Japan', 81),
(108, 'JO', 'Jordan', 962),
(109, 'KZ', 'Kazakhstan', 7),
(110, 'KE', 'Kenya', 254),
(111, 'KI', 'Kiribati', 686),
(112, 'KP', 'Korea, Democratic People\'s Republic of', 850),
(113, 'KR', 'Korea, Republic of', 82),
(114, 'KW', 'Kuwait', 965),
(115, 'KG', 'Kyrgyzstan', 996),
(116, 'LA', 'Lao People\'s Democratic Republic', 856),
(117, 'LV', 'Latvia', 371),
(118, 'LB', 'Lebanon', 961),
(119, 'LS', 'Lesotho', 266),
(120, 'LR', 'Liberia', 231),
(121, 'LY', 'Libyan Arab Jamahiriya', 218),
(122, 'LI', 'Liechtenstein', 423),
(123, 'LT', 'Lithuania', 370),
(124, 'LU', 'Luxembourg', 352),
(125, 'MO', 'Macao', 853),
(126, 'MK', 'Macedonia, the Former Yugoslav Republic of', 389),
(127, 'MG', 'Madagascar', 261),
(128, 'MW', 'Malawi', 265),
(129, 'MY', 'Malaysia', 60),
(130, 'MV', 'Maldives', 960),
(131, 'ML', 'Mali', 223),
(132, 'MT', 'Malta', 356),
(133, 'MH', 'Marshall Islands', 692),
(134, 'MQ', 'Martinique', 596),
(135, 'MR', 'Mauritania', 222),
(136, 'MU', 'Mauritius', 230),
(137, 'YT', 'Mayotte', 269),
(138, 'MX', 'Mexico', 52),
(139, 'FM', 'Micronesia, Federated States of', 691),
(140, 'MD', 'Moldova, Republic of', 373),
(141, 'MC', 'Monaco', 377),
(142, 'MN', 'Mongolia', 976),
(143, 'MS', 'Montserrat', 1664),
(144, 'MA', 'Morocco', 212),
(145, 'MZ', 'Mozambique', 258),
(146, 'MM', 'Myanmar', 95),
(147, 'NA', 'Namibia', 264),
(148, 'NR', 'Nauru', 674),
(149, 'NP', 'Nepal', 977),
(150, 'NL', 'Netherlands', 31),
(151, 'AN', 'Netherlands Antilles', 599),
(152, 'NC', 'New Caledonia', 687),
(153, 'NZ', 'New Zealand', 64),
(154, 'NI', 'Nicaragua', 505),
(155, 'NE', 'Niger', 227),
(156, 'NG', 'Nigeria', 234),
(157, 'NU', 'Niue', 683),
(158, 'NF', 'Norfolk Island', 672),
(159, 'MP', 'Northern Mariana Islands', 1670),
(160, 'NO', 'Norway', 47),
(161, 'OM', 'Oman', 968),
(162, 'PK', 'Pakistan', 92),
(163, 'PW', 'Palau', 680),
(164, 'PS', 'Palestinian Territory, Occupied', 970),
(165, 'PA', 'Panama', 507),
(166, 'PG', 'Papua New Guinea', 675),
(167, 'PY', 'Paraguay', 595),
(168, 'PE', 'Peru', 51),
(169, 'PH', 'Philippines', 63),
(170, 'PN', 'Pitcairn', 0),
(171, 'PL', 'Poland', 48),
(172, 'PT', 'Portugal', 351),
(173, 'PR', 'Puerto Rico', 1787),
(174, 'QA', 'Qatar', 974),
(175, 'RE', 'Reunion', 262),
(176, 'RO', 'Romania', 40),
(177, 'RU', 'Russian Federation', 7),
(178, 'RW', 'Rwanda', 250),
(179, 'SH', 'Saint Helena', 290),
(180, 'KN', 'Saint Kitts and Nevis', 1869),
(181, 'LC', 'Saint Lucia', 1758),
(182, 'PM', 'Saint Pierre and Miquelon', 508),
(183, 'VC', 'Saint Vincent and the Grenadines', 1784),
(184, 'WS', 'Samoa', 684),
(185, 'SM', 'San Marino', 378),
(186, 'ST', 'Sao Tome and Principe', 239),
(187, 'SA', 'Saudi Arabia', 966),
(188, 'SN', 'Senegal', 221),
(190, 'SC', 'Seychelles', 248),
(191, 'SL', 'Sierra Leone', 232),
(192, 'SG', 'Singapore', 65),
(193, 'SK', 'Slovakia', 421),
(194, 'SI', 'Slovenia', 386),
(195, 'SB', 'Solomon Islands', 677),
(196, 'SO', 'Somalia', 252),
(197, 'ZA', 'South Africa', 27),
(198, 'GS', 'South Georgia and the South Sandwich Islands', 0),
(199, 'ES', 'Spain', 34),
(200, 'LK', 'Sri Lanka', 94),
(201, 'SD', 'Sudan', 249),
(202, 'SR', 'Suriname', 597),
(203, 'SJ', 'Svalbard and Jan Mayen', 47),
(204, 'SZ', 'Swaziland', 268),
(205, 'SE', 'Sweden', 46),
(206, 'CH', 'Switzerland', 41),
(207, 'SY', 'Syrian Arab Republic', 963),
(208, 'TW', 'Taiwan, Province of China', 886),
(209, 'TJ', 'Tajikistan', 992),
(210, 'TZ', 'Tanzania, United Republic of', 255),
(211, 'TH', 'Thailand', 66),
(212, 'TL', 'Timor-Leste', 670),
(213, 'TG', 'Togo', 228),
(214, 'TK', 'Tokelau', 690),
(215, 'TO', 'Tonga', 676),
(216, 'TT', 'Trinidad and Tobago', 1868),
(217, 'TN', 'Tunisia', 216),
(218, 'TR', 'Turkey', 90),
(219, 'TM', 'Turkmenistan', 7370),
(220, 'TC', 'Turks and Caicos Islands', 1649),
(221, 'TV', 'Tuvalu', 688),
(222, 'UG', 'Uganda', 256),
(223, 'UA', 'Ukraine', 380),
(224, 'AE', 'United Arab Emirates', 971),
(225, 'GB', 'United Kingdom', 44),
(226, 'US', 'United States', 1),
(227, 'UM', 'United States Minor Outlying Islands', 1),
(228, 'UY', 'Uruguay', 598),
(229, 'UZ', 'Uzbekistan', 998),
(230, 'VU', 'Vanuatu', 678),
(231, 'VE', 'Venezuela', 58),
(232, 'VN', 'Viet Nam', 84),
(233, 'VG', 'Virgin Islands, British', 1284),
(234, 'VI', 'Virgin Islands, U.s.', 1340),
(235, 'WF', 'Wallis and Futuna', 681),
(236, 'EH', 'Western Sahara', 212),
(237, 'YE', 'Yemen', 967),
(238, 'ZM', 'Zambia', 260),
(239, 'ZW', 'Zimbabwe', 263),
(240, 'RS', 'Serbia', 381),
(241, 'AP', 'Asia / Pacific Region', 0),
(242, 'ME', 'Montenegro', 382),
(243, 'AX', 'Aland Islands', 358),
(244, 'BQ', 'Bonaire, Sint Eustatius and Saba', 599),
(245, 'CW', 'Curacao', 599),
(246, 'GG', 'Guernsey', 44),
(247, 'IM', 'Isle of Man', 44),
(248, 'JE', 'Jersey', 44),
(249, 'XK', 'Kosovo', 381),
(250, 'BL', 'Saint Barthelemy', 590),
(251, 'MF', 'Saint Martin', 590),
(252, 'SX', 'Sint Maarten', 1),
(253, 'SS', 'South Sudan', 211);

-- --------------------------------------------------------

--
-- Table structure for table `tbleduprofile`
--

DROP TABLE IF EXISTS `tbleduprofile`;
CREATE TABLE IF NOT EXISTS `tbleduprofile` (
  `fkuserid` int(10) UNSIGNED NOT NULL,
  `fkmajorid` int(10) UNSIGNED NOT NULL,
  `fkmajor1` int(10) UNSIGNED DEFAULT NULL,
  `fkmajor2` int(10) UNSIGNED DEFAULT NULL,
  `fkmajor3` int(10) UNSIGNED DEFAULT NULL,
  `ngpa` float UNSIGNED NOT NULL DEFAULT '0',
  `nact` int(2) UNSIGNED DEFAULT NULL,
  `nsat` int(5) UNSIGNED DEFAULT NULL,
  `hadap` tinyint(1) UNSIGNED NOT NULL DEFAULT '0',
  `fkresumeid` varchar(64) COLLATE utf8mb4_unicode_ci DEFAULT NULL,
  `fktranscriptid` varchar(64) COLLATE utf8mb4_unicode_ci DEFAULT NULL,
  `nhouseincome` int(10) UNSIGNED NOT NULL,
  `dtentry` year(4) NOT NULL,
  `ncollegelength` int(2) UNSIGNED NOT NULL,
  `isgender` tinyint(1) UNSIGNED NOT NULL,
  PRIMARY KEY (`fkuserid`) USING BTREE,
  KEY `fkmajor1` (`fkmajor1`),
  KEY `fkmajor2` (`fkmajor2`),
  KEY `fkmajor3` (`fkmajor3`),
  KEY `fkmajorid` (`fkmajorid`),
  KEY `fkresumeid` (`fkresumeid`),
  KEY `fktranscriptid` (`fktranscriptid`)
) ENGINE=InnoDB DEFAULT CHARSET=utf8mb4 COLLATE=utf8mb4_unicode_ci;

--
-- Dumping data for table `tbleduprofile`
--

INSERT INTO `tbleduprofile` (`fkuserid`, `fkmajorid`, `fkmajor1`, `fkmajor2`, `fkmajor3`, `ngpa`, `nact`, `nsat`, `hadap`, `fkresumeid`, `fktranscriptid`, `nhouseincome`, `dtentry`, `ncollegelength`, `isgender`) VALUES
(1, 2, 72, 79, 51, 3.34, 29, 1492, 1, NULL, NULL, 159000, 2020, 4, 0);

-- --------------------------------------------------------

--
-- Table structure for table `tblfile`
--

DROP TABLE IF EXISTS `tblfile`;
CREATE TABLE IF NOT EXISTS `tblfile` (
  `pkfileid` varchar(64) COLLATE utf8mb4_unicode_ci NOT NULL,
  `nmtitle` varchar(40) COLLATE utf8mb4_unicode_ci NOT NULL,
  `isactive` tinyint(1) UNSIGNED NOT NULL,
  PRIMARY KEY (`pkfileid`)
) ENGINE=InnoDB DEFAULT CHARSET=utf8mb4 COLLATE=utf8mb4_unicode_ci;

-- --------------------------------------------------------

--
-- Table structure for table `tblfinalcialaid`
--

DROP TABLE IF EXISTS `tblfinalcialaid`;
CREATE TABLE IF NOT EXISTS `tblfinalcialaid` (
  `fkcollegeid` int(10) NOT NULL,
  `naverage` int(7) DEFAULT NULL,
  `navefresh` int(7) DEFAULT NULL,
  `naveinternational` int(7) DEFAULT NULL,
  `nloan` int(7) DEFAULT NULL,
  `ngrant` int(7) DEFAULT NULL,
  `naveawarded` int(7) DEFAULT NULL
) ENGINE=InnoDB DEFAULT CHARSET=utf8mb4 COLLATE=utf8mb4_unicode_ci;

--
-- Dumping data for table `tblfinalcialaid`
--

INSERT INTO `tblfinalcialaid` (`fkcollegeid`, `naverage`, `navefresh`, `naveinternational`, `nloan`, `ngrant`, `naveawarded`) VALUES
(1, 11110, 13659, 9430, 4291, 5273, 7032),
(3, 33566, 34004, 31704, 6396, 15724, 25493),
(5, 21047, 21687, 6203, 4336, 13804, 16951);

-- --------------------------------------------------------

--
-- Table structure for table `tblgreek`
--

DROP TABLE IF EXISTS `tblgreek`;
CREATE TABLE IF NOT EXISTS `tblgreek` (
  `pkgreekid` int(10) UNSIGNED NOT NULL AUTO_INCREMENT,
  `nmgreek` varchar(200) COLLATE utf8mb4_unicode_ci NOT NULL,
  `isfrat` tinyint(1) UNSIGNED NOT NULL DEFAULT '0',
  PRIMARY KEY (`pkgreekid`)
) ENGINE=InnoDB DEFAULT CHARSET=utf8mb4 COLLATE=utf8mb4_unicode_ci;

-- --------------------------------------------------------

--
-- Table structure for table `tblmajor`
--

DROP TABLE IF EXISTS `tblmajor`;
CREATE TABLE IF NOT EXISTS `tblmajor` (
  `pkmajorid` int(10) UNSIGNED NOT NULL AUTO_INCREMENT,
  `nmname` varchar(100) COLLATE utf8mb4_unicode_ci NOT NULL,
  PRIMARY KEY (`pkmajorid`)
) ENGINE=InnoDB AUTO_INCREMENT=193 DEFAULT CHARSET=utf8mb4 COLLATE=utf8mb4_unicode_ci;

--
-- Dumping data for table `tblmajor`
--

INSERT INTO `tblmajor` (`pkmajorid`, `nmname`) VALUES
(1, 'Accounting'),
(2, 'Actuarial Science'),
(3, 'Advertising'),
(4, 'Agriculture'),
(5, 'Agricultural and Biological Engineering'),
(6, 'Agricultural Business Management'),
(7, 'Agriculture Economics'),
(8, 'Animal Bioscience'),
(9, 'Animal Sciences'),
(10, 'Anthropology'),
(11, 'Applied Mathematics'),
(12, 'Archaeology'),
(13, 'Architectural Engineering'),
(14, 'Architecture'),
(15, 'Art History'),
(16, 'Studio Art'),
(17, 'Art Education'),
(18, 'Biobehavioral Health'),
(19, 'Biochemistry'),
(20, 'Bioengineering/Biomedical'),
(21, 'Biology'),
(22, 'Biophysics'),
(23, 'Biotechnology'),
(24, 'Business Administration and Management'),
(25, 'Business Logistics'),
(26, 'Chemical Engineering'),
(27, 'Chemistry'),
(28, 'Children'),
(29, 'Civil Engineering'),
(30, 'Computer Engineering'),
(31, 'Computer Science'),
(32, 'Criminal Justice'),
(33, 'Dance'),
(34, 'Earth Sciences'),
(35, 'Economics'),
(36, 'Electrical Engineering'),
(37, 'Elementary and Kindergarten Education'),
(38, 'Engineering Science'),
(39, 'English'),
(40, 'Environmental Systems Engineering'),
(41, 'Environmental Sciences'),
(42, 'Enviromantal Resource Management'),
(43, 'Film and Video'),
(44, 'Finance'),
(45, 'Food Science'),
(46, 'Forest Science'),
(47, 'Forest Technology'),
(48, 'General Science'),
(49, 'Geography'),
(50, 'Geosciences'),
(51, 'Graphic Design and Photography'),
(52, 'Health and Physical Education'),
(53, 'Health Policy and Administration'),
(54, 'History'),
(55, 'Horticulture'),
(56, 'Human Development and Family Studies'),
(57, 'Individual and Family Studies'),
(58, 'Industrial Engineering'),
(59, 'Information Sciences and Technology'),
(60, 'Institutional Management'),
(61, 'Journalism'),
(62, 'Kinesiology'),
(63, 'Landscape Architecture'),
(64, 'Law Enforcement and Correction'),
(65, 'Marine Biology'),
(66, 'Marketing'),
(67, 'Mathematics'),
(68, 'Mechanical Engineering'),
(69, 'Media Studies'),
(70, 'Meteorology'),
(71, 'Microbiology'),
(72, 'Mineral Economics'),
(73, 'Modern Languages'),
(74, 'Music Education'),
(75, 'Nuclear Engineering'),
(76, 'Nursing'),
(77, 'Nutrition'),
(78, 'Philosophy'),
(79, 'Physics'),
(80, 'Physiology'),
(81, 'Political Science'),
(82, 'Pre-Medicine'),
(83, 'Psychology'),
(84, 'Public Relations'),
(85, 'Real Estate'),
(86, 'Recreation and Parks'),
(87, 'Rehabilitation Services'),
(88, 'Religious Studies'),
(89, 'Secondary Education'),
(90, 'Primary Education'),
(91, 'Sociology'),
(92, 'Social Work'),
(93, 'Speech Communications'),
(94, 'Speech Pathology'),
(95, 'Statistics'),
(96, 'Telecommunications'),
(97, 'Theater'),
(98, 'Wildlife and Fishery Science'),
(99, 'Wildlife Technology'),
(100, 'Special Education'),
(101, 'Womens Studies'),
(102, 'African American/Black Studies'),
(103, 'Asian Studies'),
(104, 'Other Ethnic/Cultural/Gender/Group Studies'),
(105, 'Russian/Central European/East European/Eurasian Studies'),
(106, 'International Business'),
(107, 'Labor and Industrial Relations'),
(108, 'Management Information Systems'),
(109, 'Organizational Behavior'),
(110, 'Radio and Television'),
(111, 'Educational Technology'),
(112, 'Health Teacher Education'),
(113, 'Construction Engineering'),
(114, 'Electromechanical Technology'),
(115, 'Manufacturing Engineering'),
(116, 'Apparel and Textile Marketing'),
(117, 'Classic/Classical Languages'),
(118, 'Foreign Languages and Literatures'),
(119, 'German'),
(120, 'Linguistics'),
(121, 'Middle/near Eastern/Semitic Languages'),
(122, 'Slavic Languages'),
(123, 'Clinical Laboratory Science'),
(124, 'Dietetics'),
(125, 'Public Health'),
(126, 'Funeral Direction'),
(127, 'Astronomy'),
(128, 'Geology'),
(129, 'Public Administration'),
(130, 'Urban Studies'),
(131, 'Art'),
(132, 'Cinematography'),
(133, 'African Studies'),
(134, 'American Studies'),
(135, 'French Studies'),
(136, 'German Studies'),
(137, 'Italian Studies'),
(138, 'Latin American Studies'),
(139, 'Near and Middle Eastern Studies'),
(140, 'Spanish Studies'),
(141, 'Neuroscience'),
(142, 'Comparative Languages'),
(143, 'French'),
(144, 'German'),
(145, 'Italian'),
(146, 'Latin'),
(147, 'Modern Languages'),
(148, 'Spanish'),
(149, 'Pre Dentist'),
(150, 'Pre Vet'),
(151, 'Natural Sciences'),
(152, 'Law'),
(153, 'Pre Law'),
(154, 'Theology'),
(155, 'Visual and Performing Arts'),
(156, 'Education'),
(157, 'Equestrian Science'),
(158, 'Ecology'),
(159, 'Hospitality Administration'),
(160, 'Tourism Management'),
(161, 'EMT'),
(162, 'Ceramic Sciences'),
(163, 'Culinary Arts'),
(164, 'Bioinformatics'),
(165, 'Applied Mathematics'),
(166, 'Human Resources Management'),
(167, 'Athletic Training'),
(168, 'Pre Pharmacy '),
(169, 'Kinesiology'),
(170, 'Creative Writing'),
(171, 'Literature'),
(172, 'Legal Studies'),
(173, 'Meteorogy'),
(174, 'Acting'),
(175, 'Toxicology'),
(176, 'Writing'),
(177, 'Japanese'),
(178, 'Criminology'),
(179, 'Hispanic American, Puerto Rican, Mexican American Studies'),
(180, 'Microbiology'),
(181, 'Molecular Biology'),
(182, 'Aerospace/Space Engineering'),
(183, 'Polish'),
(184, 'Romance Languages'),
(185, 'Russian'),
(186, 'Pharmaceutical Sciences'),
(187, 'Jewish/Judaic Studies'),
(188, 'Oceanography'),
(189, 'Drawing/Illustration'),
(190, 'Metal and Jewelry Arts'),
(191, 'Printmaking'),
(192, 'Sculpture');

-- --------------------------------------------------------

--
-- Table structure for table `tblmajorcollege`
--

DROP TABLE IF EXISTS `tblmajorcollege`;
CREATE TABLE IF NOT EXISTS `tblmajorcollege` (
  `fkmajorid` int(10) UNSIGNED NOT NULL,
  `fkcollegeid` int(10) UNSIGNED NOT NULL,
  `isassociate` tinyint(1) UNSIGNED NOT NULL DEFAULT '0',
  `isbachelor` tinyint(1) UNSIGNED NOT NULL DEFAULT '0',
  `ismaster` tinyint(1) UNSIGNED NOT NULL DEFAULT '0',
  `isdoctoral` tinyint(1) UNSIGNED NOT NULL DEFAULT '0',
  `isvocational` tinyint(1) UNSIGNED NOT NULL,
  PRIMARY KEY (`fkmajorid`,`fkcollegeid`),
  KEY `fkcollegeid` (`fkcollegeid`),
  KEY `fkmajorid` (`fkmajorid`)
) ENGINE=InnoDB DEFAULT CHARSET=utf8mb4 COLLATE=utf8mb4_unicode_ci;

--
-- Dumping data for table `tblmajorcollege`
--

INSERT INTO `tblmajorcollege` (`fkmajorid`, `fkcollegeid`, `isassociate`, `isbachelor`, `ismaster`, `isdoctoral`, `isvocational`) VALUES
(1, 1, 1, 1, 0, 0, 0),
(1, 3, 1, 1, 0, 0, 0),
(1, 4, 1, 0, 0, 0, 0),
(1, 6, 1, 1, 0, 0, 0),
(1, 7, 1, 1, 0, 0, 0),
(1, 8, 1, 1, 0, 0, 0),
(2, 7, 1, 1, 0, 0, 0),
(2, 8, 1, 1, 0, 0, 0),
(3, 7, 1, 1, 0, 0, 0),
(5, 4, 1, 0, 0, 0, 0),
(6, 7, 1, 1, 0, 0, 0),
(6, 8, 1, 1, 0, 0, 0),
(10, 1, 1, 1, 0, 0, 0),
(10, 3, 1, 1, 0, 0, 0),
(10, 7, 1, 1, 0, 0, 0),
(10, 8, 1, 1, 0, 0, 0),
(10, 9, 1, 1, 0, 0, 0),
(11, 7, 1, 1, 0, 0, 0),
(13, 8, 1, 1, 0, 0, 0),
(14, 8, 1, 1, 0, 0, 0),
(14, 9, 1, 1, 0, 0, 0),
(15, 1, 1, 1, 0, 0, 0),
(15, 3, 1, 1, 0, 0, 0),
(15, 8, 1, 1, 0, 0, 0),
(15, 9, 1, 1, 0, 0, 0),
(16, 8, 1, 1, 0, 0, 0),
(17, 7, 1, 1, 0, 0, 0),
(17, 8, 1, 1, 0, 0, 0),
(18, 7, 1, 1, 0, 0, 0),
(19, 5, 1, 1, 0, 0, 0),
(19, 7, 1, 1, 0, 0, 0),
(19, 8, 1, 1, 0, 0, 0),
(19, 9, 1, 1, 0, 0, 0),
(20, 1, 1, 1, 0, 0, 0),
(20, 7, 1, 1, 0, 0, 0),
(20, 9, 1, 1, 0, 0, 0),
(21, 1, 1, 1, 0, 0, 0),
(21, 3, 1, 1, 0, 0, 0),
(21, 5, 1, 1, 0, 0, 0),
(21, 6, 1, 1, 0, 0, 0),
(21, 7, 1, 1, 0, 0, 0),
(21, 8, 1, 1, 0, 0, 0),
(21, 9, 1, 1, 0, 0, 0),
(22, 9, 1, 1, 0, 0, 0),
(24, 3, 1, 1, 0, 0, 0),
(24, 4, 1, 0, 0, 0, 0),
(24, 5, 1, 1, 0, 0, 0),
(24, 6, 1, 1, 0, 0, 0),
(24, 7, 1, 1, 0, 0, 0),
(24, 8, 1, 1, 0, 0, 0),
(24, 9, 1, 1, 0, 0, 0),
(25, 3, 1, 1, 0, 0, 0),
(25, 7, 1, 1, 0, 0, 0),
(25, 8, 1, 1, 0, 0, 0),
(26, 1, 1, 1, 0, 0, 0),
(26, 5, 1, 1, 0, 0, 0),
(26, 9, 1, 1, 0, 0, 0),
(27, 1, 1, 1, 0, 0, 0),
(27, 3, 1, 1, 0, 0, 0),
(27, 5, 1, 1, 0, 0, 0),
(27, 6, 1, 1, 0, 0, 0),
(27, 7, 1, 1, 0, 0, 0),
(27, 8, 1, 1, 0, 0, 0),
(27, 9, 1, 1, 0, 0, 0),
(28, 4, 1, 0, 0, 0, 0),
(28, 7, 1, 1, 0, 0, 0),
(29, 1, 1, 1, 0, 0, 0),
(29, 6, 1, 1, 0, 0, 0),
(29, 9, 1, 1, 0, 0, 0),
(30, 1, 1, 1, 0, 0, 0),
(30, 4, 1, 0, 0, 0, 0),
(30, 5, 1, 1, 0, 0, 0),
(30, 7, 1, 1, 0, 0, 0),
(30, 8, 1, 1, 0, 0, 0),
(30, 9, 1, 1, 0, 0, 0),
(31, 1, 1, 1, 0, 0, 0),
(31, 3, 1, 1, 0, 0, 0),
(31, 4, 1, 0, 0, 0, 0),
(31, 5, 1, 1, 0, 0, 0),
(31, 6, 1, 1, 0, 0, 0),
(31, 7, 1, 1, 0, 0, 0),
(31, 8, 1, 1, 0, 0, 0),
(31, 9, 1, 1, 0, 0, 0),
(32, 1, 1, 1, 0, 0, 0),
(32, 4, 1, 0, 0, 0, 0),
(32, 6, 1, 1, 0, 0, 0),
(33, 1, 1, 1, 0, 0, 0),
(33, 3, 1, 1, 0, 0, 0),
(33, 9, 1, 1, 0, 0, 0),
(35, 1, 1, 1, 0, 0, 0),
(35, 3, 1, 1, 0, 0, 0),
(35, 6, 1, 1, 0, 0, 0),
(35, 7, 1, 1, 0, 0, 0),
(35, 8, 1, 1, 0, 0, 0),
(35, 9, 1, 1, 0, 0, 0),
(36, 1, 1, 1, 0, 0, 0),
(36, 4, 1, 0, 0, 0, 0),
(36, 5, 1, 1, 0, 0, 0),
(36, 7, 1, 1, 0, 0, 0),
(36, 8, 1, 1, 0, 0, 0),
(36, 9, 1, 1, 0, 0, 0),
(37, 1, 1, 1, 0, 0, 0),
(37, 6, 1, 1, 0, 0, 0),
(37, 7, 1, 1, 0, 0, 0),
(37, 8, 1, 1, 0, 0, 0),
(37, 9, 1, 1, 0, 0, 0),
(39, 1, 1, 1, 0, 0, 0),
(39, 3, 1, 1, 0, 0, 0),
(39, 6, 1, 1, 0, 0, 0),
(39, 7, 1, 1, 0, 0, 0),
(39, 8, 1, 1, 0, 0, 0),
(39, 9, 1, 1, 0, 0, 0),
(40, 1, 1, 1, 0, 0, 0),
(40, 3, 1, 1, 0, 0, 0),
(40, 6, 1, 1, 0, 0, 0),
(40, 7, 1, 1, 0, 0, 0),
(40, 9, 1, 1, 0, 0, 0),
(41, 7, 1, 1, 0, 0, 0),
(41, 9, 1, 1, 0, 0, 0),
(42, 7, 1, 1, 0, 0, 0),
(43, 3, 1, 1, 0, 0, 0),
(43, 8, 1, 1, 0, 0, 0),
(43, 9, 1, 1, 0, 0, 0),
(44, 1, 1, 1, 0, 0, 0),
(44, 3, 1, 1, 0, 0, 0),
(44, 6, 1, 1, 0, 0, 0),
(44, 7, 1, 1, 0, 0, 0),
(44, 8, 1, 1, 0, 0, 0),
(45, 1, 1, 1, 0, 0, 0),
(45, 4, 1, 0, 0, 0, 0),
(49, 7, 1, 1, 0, 0, 0),
(49, 8, 1, 1, 0, 0, 0),
(51, 7, 1, 1, 0, 0, 0),
(51, 9, 1, 1, 0, 0, 0),
(52, 4, 1, 0, 0, 0, 0),
(52, 6, 1, 1, 0, 0, 0),
(52, 8, 1, 1, 0, 0, 0),
(52, 9, 1, 1, 0, 0, 0),
(53, 1, 1, 1, 0, 0, 0),
(53, 6, 1, 1, 0, 0, 0),
(53, 7, 1, 1, 0, 0, 0),
(53, 8, 1, 1, 0, 0, 0),
(54, 1, 1, 1, 0, 0, 0),
(54, 3, 1, 1, 0, 0, 0),
(54, 6, 1, 1, 0, 0, 0),
(54, 7, 1, 1, 0, 0, 0),
(54, 8, 1, 1, 0, 0, 0),
(54, 9, 1, 1, 0, 0, 0),
(56, 7, 1, 1, 0, 0, 0),
(58, 1, 1, 1, 0, 0, 0),
(58, 4, 1, 0, 0, 0, 0),
(58, 5, 1, 1, 0, 0, 0),
(58, 8, 1, 1, 0, 0, 0),
(58, 9, 1, 1, 0, 0, 0),
(59, 1, 1, 1, 0, 0, 0),
(59, 3, 1, 1, 0, 0, 0),
(59, 6, 1, 1, 0, 0, 0),
(59, 7, 1, 1, 0, 0, 0),
(59, 8, 1, 1, 0, 0, 0),
(59, 9, 1, 1, 0, 0, 0),
(61, 1, 1, 1, 0, 0, 0),
(61, 3, 1, 1, 0, 0, 0),
(61, 7, 1, 1, 0, 0, 0),
(61, 8, 1, 1, 0, 0, 0),
(66, 1, 1, 1, 0, 0, 0),
(66, 3, 1, 1, 0, 0, 0),
(66, 4, 1, 0, 0, 0, 0),
(66, 6, 1, 1, 0, 0, 0),
(66, 7, 1, 1, 0, 0, 0),
(66, 8, 1, 1, 0, 0, 0),
(67, 1, 1, 1, 0, 0, 0),
(67, 3, 1, 1, 0, 0, 0),
(67, 6, 1, 1, 0, 0, 0),
(67, 7, 1, 1, 0, 0, 0),
(67, 8, 1, 1, 0, 0, 0),
(67, 9, 1, 1, 0, 0, 0),
(68, 1, 1, 1, 0, 0, 0),
(68, 5, 1, 1, 0, 0, 0),
(68, 6, 1, 1, 0, 0, 0),
(68, 7, 1, 1, 0, 0, 0),
(68, 8, 1, 1, 0, 0, 0),
(68, 9, 1, 1, 0, 0, 0),
(69, 1, 1, 1, 0, 0, 0),
(69, 3, 1, 1, 0, 0, 0),
(70, 9, 1, 1, 0, 0, 0),
(73, 3, 1, 1, 0, 0, 0),
(74, 3, 1, 1, 0, 0, 0),
(74, 7, 1, 1, 0, 0, 0),
(74, 8, 1, 1, 0, 0, 0),
(74, 9, 1, 1, 0, 0, 0),
(76, 1, 1, 1, 0, 0, 0),
(76, 4, 1, 0, 0, 0, 0),
(76, 8, 1, 1, 0, 0, 0),
(76, 9, 1, 1, 0, 0, 0),
(78, 1, 1, 1, 0, 0, 0),
(78, 3, 1, 1, 0, 0, 0),
(78, 6, 1, 1, 0, 0, 0),
(78, 7, 1, 1, 0, 0, 0),
(78, 8, 1, 1, 0, 0, 0),
(78, 9, 1, 1, 0, 0, 0),
(79, 1, 1, 1, 0, 0, 0),
(79, 3, 1, 1, 0, 0, 0),
(79, 5, 1, 1, 0, 0, 0),
(79, 6, 1, 1, 0, 0, 0),
(79, 7, 1, 1, 0, 0, 0),
(79, 8, 1, 1, 0, 0, 0),
(79, 9, 1, 1, 0, 0, 0),
(81, 1, 1, 1, 0, 0, 0),
(81, 3, 1, 1, 0, 0, 0),
(81, 6, 1, 1, 0, 0, 0),
(81, 7, 1, 1, 0, 0, 0),
(81, 8, 1, 1, 0, 0, 0),
(81, 9, 1, 1, 0, 0, 0),
(82, 3, 1, 1, 0, 0, 0),
(82, 6, 1, 1, 0, 0, 0),
(83, 1, 1, 1, 0, 0, 0),
(83, 3, 1, 1, 0, 0, 0),
(83, 6, 1, 1, 0, 0, 0),
(83, 7, 1, 1, 0, 0, 0),
(83, 8, 1, 1, 0, 0, 0),
(83, 9, 1, 1, 0, 0, 0),
(84, 1, 1, 1, 0, 0, 0),
(84, 7, 1, 1, 0, 0, 0),
(84, 8, 1, 1, 0, 0, 0),
(88, 3, 1, 1, 0, 0, 0),
(88, 7, 1, 1, 0, 0, 0),
(88, 9, 1, 1, 0, 0, 0),
(89, 1, 1, 1, 0, 0, 0),
(89, 8, 1, 1, 0, 0, 0),
(89, 9, 1, 1, 0, 0, 0),
(91, 1, 1, 1, 0, 0, 0),
(91, 3, 1, 1, 0, 0, 0),
(91, 6, 1, 1, 0, 0, 0),
(91, 7, 1, 1, 0, 0, 0),
(91, 8, 1, 1, 0, 0, 0),
(91, 9, 1, 1, 0, 0, 0),
(92, 1, 1, 1, 0, 0, 0),
(92, 3, 1, 1, 0, 0, 0),
(92, 7, 1, 1, 0, 0, 0),
(92, 8, 1, 1, 0, 0, 0),
(93, 1, 1, 1, 0, 0, 0),
(93, 7, 1, 1, 0, 0, 0),
(93, 8, 1, 1, 0, 0, 0),
(93, 9, 1, 1, 0, 0, 0),
(94, 7, 1, 1, 0, 0, 0),
(94, 8, 1, 1, 0, 0, 0),
(95, 7, 1, 1, 0, 0, 0),
(95, 8, 1, 1, 0, 0, 0),
(95, 9, 1, 1, 0, 0, 0),
(96, 3, 1, 1, 0, 0, 0),
(96, 6, 1, 1, 0, 0, 0),
(96, 7, 1, 1, 0, 0, 0),
(96, 8, 1, 1, 0, 0, 0),
(97, 3, 1, 1, 0, 0, 0),
(97, 6, 1, 1, 0, 0, 0),
(97, 8, 1, 1, 0, 0, 0),
(97, 9, 1, 1, 0, 0, 0),
(98, 4, 1, 0, 0, 0, 0),
(99, 4, 1, 0, 0, 0, 0),
(100, 1, 1, 1, 0, 0, 0),
(100, 7, 1, 1, 0, 0, 0),
(100, 8, 1, 1, 0, 0, 0),
(101, 3, 1, 1, 0, 0, 0),
(101, 7, 1, 1, 0, 0, 0),
(101, 8, 1, 1, 0, 0, 0),
(102, 1, 1, 1, 0, 0, 0),
(102, 3, 1, 1, 0, 0, 0),
(102, 8, 1, 1, 0, 0, 0),
(102, 9, 1, 1, 0, 0, 0),
(103, 1, 1, 1, 0, 0, 0),
(103, 9, 1, 1, 0, 0, 0),
(104, 1, 1, 1, 0, 0, 0),
(104, 7, 1, 1, 0, 0, 0),
(104, 8, 1, 1, 0, 0, 0),
(105, 1, 1, 1, 0, 0, 0),
(106, 1, 1, 1, 0, 0, 0),
(106, 3, 1, 1, 0, 0, 0),
(106, 6, 1, 1, 0, 0, 0),
(106, 7, 1, 1, 0, 0, 0),
(106, 8, 1, 1, 0, 0, 0),
(107, 1, 1, 1, 0, 0, 0),
(107, 8, 1, 1, 0, 0, 0),
(108, 1, 1, 1, 0, 0, 0),
(108, 3, 1, 1, 0, 0, 0),
(108, 7, 1, 1, 0, 0, 0),
(108, 8, 1, 1, 0, 0, 0),
(109, 1, 1, 1, 0, 0, 0),
(109, 9, 1, 1, 0, 0, 0),
(111, 1, 1, 1, 0, 0, 0),
(111, 8, 1, 1, 0, 0, 0),
(112, 1, 1, 1, 0, 0, 0),
(112, 8, 1, 1, 0, 0, 0),
(113, 1, 1, 1, 0, 0, 0),
(114, 1, 1, 1, 0, 0, 0),
(115, 1, 1, 1, 0, 0, 0),
(115, 8, 1, 1, 0, 0, 0),
(116, 1, 1, 1, 0, 0, 0),
(117, 1, 1, 1, 0, 0, 0),
(117, 3, 1, 1, 0, 0, 0),
(117, 9, 1, 1, 0, 0, 0),
(118, 1, 1, 1, 0, 0, 0),
(119, 1, 1, 1, 0, 0, 0),
(119, 7, 1, 1, 0, 0, 0),
(120, 1, 1, 1, 0, 0, 0),
(120, 8, 1, 1, 0, 0, 0),
(120, 9, 1, 1, 0, 0, 0),
(121, 1, 1, 1, 0, 0, 0),
(121, 9, 1, 1, 0, 0, 0),
(122, 1, 1, 1, 0, 0, 0),
(123, 1, 1, 1, 0, 0, 0),
(123, 6, 1, 1, 0, 0, 0),
(123, 8, 1, 1, 0, 0, 0),
(124, 1, 1, 1, 0, 0, 0),
(124, 4, 1, 0, 0, 0, 0),
(124, 7, 1, 1, 0, 0, 0),
(124, 8, 1, 1, 0, 0, 0),
(125, 1, 1, 1, 0, 0, 0),
(125, 7, 1, 1, 0, 0, 0),
(125, 9, 1, 1, 0, 0, 0),
(126, 1, 1, 1, 0, 0, 0),
(127, 1, 1, 1, 0, 0, 0),
(127, 7, 1, 1, 0, 0, 0),
(127, 9, 1, 1, 0, 0, 0),
(128, 1, 1, 1, 0, 0, 0),
(128, 7, 1, 1, 0, 0, 0),
(128, 8, 1, 1, 0, 0, 0),
(128, 9, 1, 1, 0, 0, 0),
(129, 1, 1, 1, 0, 0, 0),
(129, 8, 1, 1, 0, 0, 0),
(130, 1, 1, 1, 0, 0, 0),
(130, 3, 1, 1, 0, 0, 0),
(131, 1, 1, 1, 0, 0, 0),
(131, 7, 1, 1, 0, 0, 0),
(131, 8, 1, 1, 0, 0, 0),
(131, 9, 1, 1, 0, 0, 0),
(132, 1, 1, 1, 0, 0, 0),
(133, 3, 1, 1, 0, 0, 0),
(134, 3, 1, 1, 0, 0, 0),
(134, 9, 1, 1, 0, 0, 0),
(135, 3, 1, 1, 0, 0, 0),
(136, 3, 1, 1, 0, 0, 0),
(137, 3, 1, 1, 0, 0, 0),
(138, 3, 1, 1, 0, 0, 0),
(138, 9, 1, 1, 0, 0, 0),
(139, 3, 1, 1, 0, 0, 0),
(139, 9, 1, 1, 0, 0, 0),
(140, 3, 1, 1, 0, 0, 0),
(141, 3, 1, 1, 0, 0, 0),
(141, 6, 1, 1, 0, 0, 0),
(141, 7, 1, 1, 0, 0, 0),
(141, 9, 1, 1, 0, 0, 0),
(142, 3, 1, 1, 0, 0, 0),
(142, 9, 1, 1, 0, 0, 0),
(143, 3, 1, 1, 0, 0, 0),
(143, 6, 1, 1, 0, 0, 0),
(143, 7, 1, 1, 0, 0, 0),
(143, 8, 1, 1, 0, 0, 0),
(143, 9, 1, 1, 0, 0, 0),
(144, 3, 1, 1, 0, 0, 0),
(144, 8, 1, 1, 0, 0, 0),
(144, 9, 1, 1, 0, 0, 0),
(145, 3, 1, 1, 0, 0, 0),
(145, 9, 1, 1, 0, 0, 0),
(146, 3, 1, 1, 0, 0, 0),
(146, 9, 1, 1, 0, 0, 0),
(147, 3, 1, 1, 0, 0, 0),
(147, 6, 1, 1, 0, 0, 0),
(147, 7, 1, 1, 0, 0, 0),
(147, 8, 1, 1, 0, 0, 0),
(147, 9, 1, 1, 0, 0, 0),
(149, 3, 1, 1, 0, 0, 0),
(149, 6, 1, 1, 0, 0, 0),
(150, 3, 1, 1, 0, 0, 0),
(150, 6, 1, 1, 0, 0, 0),
(151, 3, 1, 1, 0, 0, 0),
(153, 3, 1, 1, 0, 0, 0),
(153, 6, 1, 1, 0, 0, 0),
(154, 3, 1, 1, 0, 0, 0),
(154, 6, 1, 1, 0, 0, 0),
(155, 3, 1, 1, 0, 0, 0),
(155, 9, 1, 1, 0, 0, 0),
(156, 3, 1, 1, 0, 0, 0),
(156, 7, 1, 1, 0, 0, 0),
(156, 8, 1, 1, 0, 0, 0),
(157, 4, 1, 0, 0, 0, 0),
(158, 4, 1, 0, 0, 0, 0),
(158, 9, 1, 1, 0, 0, 0),
(159, 4, 1, 0, 0, 0, 0),
(159, 7, 1, 1, 0, 0, 0),
(159, 8, 1, 1, 0, 0, 0),
(160, 4, 1, 0, 0, 0, 0),
(161, 4, 1, 0, 0, 0, 0),
(162, 4, 1, 0, 0, 0, 0),
(162, 9, 1, 1, 0, 0, 0),
(163, 4, 1, 0, 0, 0, 0),
(164, 5, 1, 1, 0, 0, 0),
(165, 5, 1, 1, 0, 0, 0),
(166, 6, 1, 1, 0, 0, 0),
(166, 7, 1, 1, 0, 0, 0),
(167, 6, 1, 1, 0, 0, 0),
(167, 7, 1, 1, 0, 0, 0),
(167, 8, 1, 1, 0, 0, 0),
(167, 9, 1, 1, 0, 0, 0),
(168, 6, 1, 1, 0, 0, 0),
(169, 6, 1, 1, 0, 0, 0),
(169, 7, 1, 1, 0, 0, 0),
(169, 8, 1, 1, 0, 0, 0),
(169, 9, 1, 1, 0, 0, 0),
(170, 7, 1, 1, 0, 0, 0),
(170, 8, 1, 1, 0, 0, 0),
(170, 9, 1, 1, 0, 0, 0),
(174, 7, 1, 1, 0, 0, 0),
(175, 8, 1, 1, 0, 0, 0),
(176, 8, 1, 1, 0, 0, 0),
(177, 8, 1, 1, 0, 0, 0),
(178, 8, 1, 1, 0, 0, 0),
(179, 9, 1, 1, 0, 0, 0),
(180, 9, 1, 1, 0, 0, 0),
(181, 9, 1, 1, 0, 0, 0),
(182, 9, 1, 1, 0, 0, 0),
(183, 9, 1, 1, 0, 0, 0),
(184, 9, 1, 1, 0, 0, 0),
(185, 9, 1, 1, 0, 0, 0),
(186, 9, 1, 1, 0, 0, 0),
(187, 9, 1, 1, 0, 0, 0),
(188, 9, 1, 1, 0, 0, 0),
(189, 9, 1, 1, 0, 0, 0),
(190, 9, 1, 1, 0, 0, 0),
(191, 9, 1, 1, 0, 0, 0),
(192, 9, 1, 1, 0, 0, 0);

-- --------------------------------------------------------

--
-- Table structure for table `tblnotification`
--

DROP TABLE IF EXISTS `tblnotification`;
CREATE TABLE IF NOT EXISTS `tblnotification` (
  `pknotificationid` int(10) UNSIGNED NOT NULL AUTO_INCREMENT,
  `enlevel` enum('Notification','Warning','Error') COLLATE utf8mb4_unicode_ci NOT NULL,
  `txdescription` varchar(50) COLLATE utf8mb4_unicode_ci NOT NULL,
  `fkuserid` int(10) UNSIGNED NOT NULL,
  `isactive` tinyint(1) UNSIGNED NOT NULL DEFAULT '0',
  PRIMARY KEY (`pknotificationid`),
  KEY `fkuserid` (`fkuserid`)
) ENGINE=InnoDB DEFAULT CHARSET=utf8mb4 COLLATE=utf8mb4_unicode_ci;

-- --------------------------------------------------------

--
-- Table structure for table `tblotherscholarship`
--

DROP TABLE IF EXISTS `tblotherscholarship`;
CREATE TABLE IF NOT EXISTS `tblotherscholarship` (
  `pkoscholarship` int(10) UNSIGNED NOT NULL AUTO_INCREMENT,
  `nmscholarship` varchar(100) COLLATE utf8mb4_unicode_ci NOT NULL,
  `entype` enum('Scholarship','Grant','Loan','Fellowship','Prize') COLLATE utf8mb4_unicode_ci NOT NULL,
  `nmorganization` varchar(200) COLLATE utf8mb4_unicode_ci NOT NULL,
  `txdescription` varchar(500) COLLATE utf8mb4_unicode_ci NOT NULL,
  `txrequirements` varchar(500) COLLATE utf8mb4_unicode_ci NOT NULL,
  `enethnicity` enum('Hispanic','Native American','African American','Asian/Pacific Islander','All Minoritys','Other') COLLATE utf8mb4_unicode_ci DEFAULT NULL,
  `enreligion` enum('Jewish','Catholic','Islam/Muslim Faith','Baptist','Brethern','Christain','Deciple of Christ','Eastern Orthodox','Episcopalian','Latter-Day Saints','Methodist','Presbyterian','Protestant') COLLATE utf8mb4_unicode_ci DEFAULT NULL,
  `enmilitary` enum('Air Force','Army','Navy','Marines','Coast Guard','Air National Guard','Army National Guard') COLLATE utf8mb4_unicode_ci DEFAULT NULL,
  `endisability` enum('Visual','Hearing','Physical','Learning','Cancer/Chronic Illness') COLLATE utf8mb4_unicode_ci DEFAULT NULL,
  `namount` int(10) UNSIGNED NOT NULL,
  `isrenewable` tinyint(1) UNSIGNED NOT NULL DEFAULT '0',
  `ngpa` float UNSIGNED DEFAULT NULL,
  PRIMARY KEY (`pkoscholarship`)
) ENGINE=InnoDB AUTO_INCREMENT=35 DEFAULT CHARSET=utf8mb4 COLLATE=utf8mb4_unicode_ci;

--
-- Dumping data for table `tblotherscholarship`
--

INSERT INTO `tblotherscholarship` (`pkoscholarship`, `nmscholarship`, `entype`, `nmorganization`, `txdescription`, `txrequirements`, `enethnicity`, `enreligion`, `enmilitary`, `endisability`, `namount`, `isrenewable`, `ngpa`) VALUES
(1, 'Scholarship for Survivors', 'Scholarship', 'Patient Advocate Foundation', 'For students who wish to continue their post-secondary education while being impacted by life-threatening or chronic illness', 'Must attend a university, a four-year, college or a two-year college, study full-time, be a US Citizen, 25 years old or younger, been diagnosed with or treated for cancer and/or a chronic/life threatening disease within the past five years', NULL, NULL, NULL, 'Cancer/Chronic Illness', 3000, 1, 3),
(2, 'Shred Nations Scholarship', 'Scholarship', 'Shred Nations', 'Encourage the study of Environmental Science', 'Be a US Citizen, Study Environmental Science', NULL, NULL, NULL, NULL, 5000, 0, 3),
(3, 'Jim McKay Memorial Scholarship', 'Scholarship', 'National Academy of Television Arts and Sciences', ' It is awarded to a college-bound applicant who demonstrates exceptional talent as a creator of video programming as well as outstanding academic achievement and potential for success in a highly competitive profession.', 'Must be an undergraduate student, attend a university, a four-year college or a two-year college, study full-time, be a US Citizen, currently be a high school student studying TV/Radio Broadcasting, Performing Arts, Journalism, Photojournalism/Photography, Music, Communications, or Filmmaking/Video\r\n', NULL, NULL, NULL, NULL, 10000, 0, NULL),
(4, 'Douglas W. Mummert Scholarship', 'Scholarship', 'National Academy of Television Arts and Sciences', 'Awarded to a student pursuing a career in any aspect of the television industry, who has made a positive impact through community service.', 'Must be an undergraduate student, attend a university, a four-year college or a two-year college, study full-time, be a US Citizen, currently be a high school students, studying TV/Radio Broadcasting, Arts, Performing Arts, Journalism, Photojournalism/Photography, Public Policy and Administration, Music, Communications, or Filmmaking/Video\r\n', NULL, NULL, NULL, NULL, 10000, 0, NULL),
(5, 'Payzer Scholarship', 'Scholarship', 'EAA Aviation Foundation, Inc.', 'Scholarship for a student accepted or enrolled in an accredited college, university, or postsecondary school with an emphasis on technical information. Awarded to an individual who is seeking a major and declares an intention to pursue a professional career in engineering, mathematics, or the physical/biological sciences.', 'Must be an undergraduate student, study full-time, studying Aviation/Aerospace, Biology, Physical Sciences, or Engineering/Technology, be affiliated with Experimental Aircraft Association\r\n', NULL, NULL, NULL, NULL, 5000, 0, NULL),
(6, 'Detroit Section SAE Technical Scholarship', 'Scholarship', 'Society of Automotive Engineers', '$2500 renewable scholarships for graduating high school seniors, a child or grandchild of a current SAE Detroit Section member and have demonstrated financial need.', 'Must be an undergraduate student, attend a university, a four-year college or a two-year college, study full-time, be a US Citizen, studying Engineering-Related Technologies, Engineering/Technology, or Mechanical Engineering, affiliated with Society of Automotive Engineers\r\n', NULL, NULL, NULL, NULL, 2500, 1, 3),
(7, 'Rhode Island Pilots Association Scholarship', 'Scholarship', 'Rhode Island Pilots Association', 'A scholarship open to Rhode Island residents to begin or advance a career in aviation.', 'Must be an undergraduate student, attend a four-year college, a two-year college or a technical school, be a US Citizen, be at least 16 years old, restricted to residents of Rhode Island, students studying Aviation/Aerospace, individuals with interests in aviation\r\n', NULL, NULL, NULL, NULL, 1500, 0, NULL),
(8, 'National Board Technical Scholarship', 'Scholarship', 'National Board of Boiler and Pressure Vessel Inspectors', 'child, step-child, grandchild, or great-grandchild of a past or present National Board member (living or deceased), or of a past or present Commissioned Inspector (living or deceased), employed by a member jurisdiction, or of a past or present National Board employee (living or deceased)', 'Must be an undergraduate student, attend a university or a four-year college or a technical school, study full-time, restricted to students studying Electrical Engineering/Electronics, Chemical Engineering, or Mechanical Engineering, be affiliated with National Board of Boiler and Pressure Vessel Inspectors\r\n', NULL, NULL, NULL, NULL, 6000, 0, 3),
(9, 'U.S. Bates Scholarship Program', 'Scholarship', 'International Union of Bricklayers and Allied Craftworkers', 'The program is open to sons and daughters of U.S. BAC members (in good standing) of U.S. BAC Locals who are in their junior year of high school, and who either have taken or plan to take the standardized PSAT exam.', 'Must be an undergraduate student, attend a university or a four-year college, study full-time, be a US Citizen, currently be a high school student, be affiliated with International Union of Bricklayers and Allied Craftworkers\r\n', NULL, NULL, NULL, NULL, 2500, 1, NULL),
(10, 'eLearners Online Student Scholarship', 'Scholarship', 'eLearners.com', 'Entering to win our free scholarship for college is fast and easy. All you have to do is complete a short form to tell us a little about yourself and answer one essay question in 250 words or less.', 'Must be a US Citizen', NULL, NULL, NULL, NULL, 1000, 0, NULL),
(11, 'General Study Scholarships', 'Scholarship', 'Sons of Italy Foundation', 'Through the Sons of Italy Foundation (SIF), and hundreds of thousands of family members located in all fifty states and the District of Columbia, the Order Sons and Daughters of Italy in America (OSDIA) has awarded nearly $61 million in scholarships to date. In past years, the SIF has offered 10 to 12 merit-based scholarships (National Leadership Grants), ranging from $4,000 to $25,000, in a nationwide competition.', 'Must attend a university or a four-year college, study full-time, be a US Citizen, restricted by ethnic heritage: Italian\r\n', 'Other', NULL, NULL, NULL, 25000, 0, NULL),
(12, 'Alexander and Maude Hadden Scholarship', 'Scholarship', 'Youth Foundation Inc.', 'Youth Foundation offers exceptional students with financial need an award of $2500 to $4000 per year which is renewable for four years at the foundation\'s discretion.', 'Must be an undergraduate student, attend a university or a four-year college, study full-time, be a US Citizen, restricted to residents of Yukon, to individuals having experience in these volunteer or employment areas: community service\r\n', NULL, NULL, NULL, NULL, 4000, 0, 3.5),
(13, 'Kurt H. and Donna M. Schuler Small Grant', 'Grant', 'American Society of Certified Engineering Technicians', 'The small Cash Grant program was suggested by students and faculty advisors who recommended that several grants be awarded to deserving students and that these awards carry as few restrictions as possible', 'Must be an undergraduate student, be a US Citizen, either a student, certified, regular, registered or associate member of ASCET. OR be a high school senior in the last five months of the academic year who will be enrolled in an Engineering Technology curriculum no later than six months following selection for award', NULL, NULL, NULL, NULL, 400, 0, 2.5),
(14, 'Joseph C. Johnson Memorial Grant', 'Grant', 'American Society of Certified Engineering Technicians', 'Grant for $750 given to qualified applicants in order to offset the cost of tuition, books and lab fees.', 'Applicant must be a U.S. citizen or a legal resident of the country in which the applicant is currently living, as well as be either a student, certified, regular, registered or associate member of ASCET. Student must be enrolled in an engineering technology program, students studying Engineering-Related Technologies or Engineering/Technology', NULL, NULL, NULL, NULL, 750, 0, 3),
(15, 'Joseph M. Parish Memorial Grant', 'Grant', 'American Society of Certified Engineering Technicians', 'The award will be given to full time students enrolled in an engineering technology program; students pursuing a BS degree in engineering are not eligible for this grant.\r\n', 'Must be an undergraduate student, be a US Citizen, must be a student member of ASCET, not be attending high school currently, restricted to students studying Engineering-Related Technologies or Engineering/Technology', NULL, NULL, NULL, NULL, 500, 0, 3),
(16, 'Raney Fund Award', 'Grant', 'American Society of Ichthyologists and Herpetologists', 'Applications are solicited for grants awarded from the Raney Fund for ichthyology. Funds are used to provide support for young ichthyologists for museums or laboratory study, travel, fieldwork, or any activity that will effectively enhance their professional careers and their contributions to the sciences of ichthyology.', '\r\nMust attend a university or a four-year college, must study full-time, restricted to students studying Biology, be affiliated with American Society of Ichthyologists and Herpetologists\r\n', NULL, NULL, NULL, NULL, 1000, 0, NULL),
(17, 'Gaige Fund Award', 'Grant', 'American Society of Ichthyologists and Herpetologists', 'Funds are used to provide support to young herpetologists for museum or laboratory study, travel, fieldwork, or any other activity that will effectively enhance their professional careers and their contributions to the science of herpetology.', 'Must attend a university or a four-year college, study full-time, restricted to students studying Biology, be affiliated with American Society of Ichthyologists and Herpetologists and be enrolled for an advanced degree\r\n', NULL, NULL, NULL, NULL, 1000, 0, NULL),
(18, 'Tuition Waiver for Foster Care Recipients', 'Grant', 'Maryland State Higher Education Commission', 'Applicant must be a high school graduate or GED recipient and under the age of 21. Must either have resided in a foster care home in Maryland at the time of high school graduation or GED reception, or until 14th birthday, and been adopted after 14th birthday. Applicant, if status approved, will be exempt from paying tuition and mandatory fees at a public college in Maryland.', 'Must attend a university, a four-year college or a two-year college, be a US Citizen, not be older than 21, restricted to residents of Maryland, restricted to students studying in Maryland\r\n', NULL, NULL, NULL, NULL, 0, 1, NULL),
(19, 'JVS Scholarship Program', 'Grant', 'Jewish Vocational Service Los Angeles', 'Need-based scholarships to support Jewish students from Los Angeles County in their pursuit of college, graduate, and vocational education.', ' Applicants must be Jewish, permanent residents of Los Angeles, maintain a minimum 2.7 GPA for undergraduates and 3.0 GPA for graduates, and demonstrate verifiable financial need, Must study full-time, be a US Citizen, restricted to residents of California', NULL, 'Jewish', NULL, NULL, 5000, 0, 3),
(20, 'Lessans Family Scholarship', 'Scholarship', 'Central Scholarship\r\nSave\r\n', 'Scholarship available for Jewish students from Maryland who attend undergraduate colleges, universities or vocational schools full-time.', 'Must be an undergraduate student, attend a university, a four-year college or a two-year college, study full-time, be a US Citizen, currently be a high school student, restricted to residents of Maryland\r\nRestricted by ethnic heritage: Jewish', NULL, 'Jewish', NULL, NULL, 2000, 1, 3),
(21, 'Anchor Scholarship Foundation', 'Scholarship', 'Anchor Scholarship Foundation', 'Must be dependent child or spouse of U.S. Navy service member (active, retired, or honorably discharged) and meet eligibility criteria which is posted on our website.We use a two part on-line application (eligibility and scholarship). Once your eligibility has been confirmed, you will be given access to the scholarship application. Be prepared to submit sponsor\'s full name, rank/rate, list of duty stations, home-ports, ship hull numbers, dates served aboard and supporting documentation.', 'Must be an undergraduate student, attend a university, a four-year college or a two-year college, be a US Citizen, military service in the navy\r\n', NULL, NULL, 'Navy', NULL, 5000, 0, NULL),
(22, 'Gamewardens of Vietnam Scholarship', 'Scholarship', 'Gamewardens of Vietnam Association Inc.', 'Scholarship for entering freshman who is a descendant of a U.S. Navy man or woman who worked with TF-116 in Vietnam. One-time award, but applicant may reapply.', 'Must be an undergraduate student, study full-time, currently be a high school student, be between the ages of 16 and 21', NULL, NULL, 'Navy', NULL, 500, 0, 2.5),
(23, 'UCB Family Epilepsy Scholarship', 'Scholarship', 'UCB, Inc.', 'UCB, Inc. will award scholarships to people living with epilepsy, their family members and caregivers who are pursuing higher educations. 2 Epilepsy Leader Scholarships of $10,000 each will be awarded to outstanding applicants who demonstrate academic and personal achievement as well as a passion for advocacy, serving the epilepsy community and a persevering spirit. Students of all ages are welcome to apply and the scholarship can be used for a two-year, four-year, trade or specialty school.', 'Must be a US Citizen, restricted to applicants that have physical disabilities\r\n', NULL, NULL, NULL, 'Physical', 10000, 0, NULL),
(24, 'Jay\'s World Childhood Cancer Foundation Scholarship', 'Scholarship', 'Jay\'s World Childhood Cancer Foundation', 'Scholarship for a student either cured of cancer, in remission, or able to attend college while undergoing treatment. Must be a graduating high school senior and a New York State resident.', 'Must be an undergraduate student, attend a university or a four-year college, be a US Citizen, currently be a high school student, restricted to applicants that have physical disabilities, restricted to residents of New York\r\n', NULL, NULL, NULL, 'Cancer/Chronic Illness', 0, 0, NULL),
(25, 'AFSCME/UNCF Union Scholars Program', 'Scholarship', 'American Federation of State, County, and Municipal Employees', 'One-time award for a sophomore or junior majoring in ethnic studies, women\'s studies, labor studies, American studies, sociology, anthropology, history, political science, psychology, social work or economics. ', 'Must be an undergraduate student, attend a university or a four-year college, study full-time, be a US Citizen, not be attending high school currently, restricted to students studying American Studies, Anthropology, History, Psychology, Political Science, Social Sciences, Social Services, or Women\'s Studies\r\n', 'All Minoritys', NULL, NULL, NULL, 5000, 0, 2.5),
(26, 'National Scholarship', 'Scholarship', 'National Association of Negro Business and Professional Women\'s Clubs Inc.', 'Scholarship for African-American graduating high school seniors with a minimum 3.0 GPA. Must submit 300-word essay on the topic \"Why Education is Important to Me.\"', 'Must be an undergraduate student, attend a university or a four-year college, study full-time, be a US Citizen, currently be a high school student', 'African American', NULL, NULL, NULL, 1000, 0, 3),
(27, 'Lorenzo Felder Scholarship', 'Scholarship', 'CollegeBound Foundation', 'You must: be an African-American male; be a graduate of a Baltimore City public school; have a cumulative GPA of 3.0 or better; have demonstrated financial need; have verifiable community service or extracurricular activity; write an essay of 500-1,000 words describing the environment you live in and the most meaningful contribution you have made as a volunteer in your community.', 'Must be an undergraduate student, attend a four-year college or a two-year college, study full-time, be a US Citizen, currently be a high school student, restricted to male students, restricted by race for Black students, restricted to residents of Maryland\r\n', 'African American', NULL, NULL, NULL, 1500, 0, 3),
(28, 'Randy Falco Scholarship', 'Scholarship', 'National Academy of Television Arts and Sciences', 'The Falco Scholarship is awarded to a college-bound Hispanic or Latino student who demonstrates exceptional talent as a creator of video programming as well as outstanding academic achievement and potential for success in a highly competitive profession. The $10,000 annual scholarship honors the industry contributions of renowned media executive Randy Falco, currently the President and Chief Executive Officer of Univision Communications Inc. (UCI).', 'Must be an undergraduate student, attend a university, a four-year college or a two-year college, study full-time, be a US Citizen, currently be a high school student, restricted to students studying Performing Arts, Journalism, Photojournalism/Photography, Music, Communications, Filmmaking/Video, or TV/Radio Broadcasting\r\n', 'Hispanic', NULL, NULL, NULL, 10000, 0, NULL),
(29, 'TEA Don Sahli-Kathy Woodall Minority Scholarship', 'Scholarship', 'Tennessee Education Association', 'Scholarship is available to a minority high school senior planning to major in education and planning to enroll in a Tennessee college. Application must be made by an FTA Chapter, or by the student with the recommendation of an active TEA member', 'Must be an undergraduate student, attend a university or a four-year college, study full-time, be a US Citizen, currently be a high school student, restricted to residents of Tennessee, restricted to students studying in Tennessee, restricted to students studying Education\r\n', 'All Minoritys', NULL, NULL, NULL, 1000, 0, NULL),
(30, 'American Chemical Society Scholars Program', 'Scholarship', 'American Chemical Society', 'Renewable award for minority students pursuing studies in chemistry, biochemistry, chemical technology, chemical engineering, or chemical sciences.', 'Must be an undergraduate student, study full-time, be a US Citizen, restricted by race for American Indian/Alaska Native, Black or Hispanic students, restricted to students studying Natural Sciences, Paper and Pulp Engineering, Chemical Engineering, Environmental Science, Trade/Technical Specialties, or Materials Science, Engineering, and Metallurgy\r\n', 'All Minoritys', NULL, NULL, NULL, 5000, 0, 3),
(31, 'Post High School Tuition Scholarships', 'Scholarship', 'Catholic United Financial', 'Catholic United Financial membership requirement of 2 years by application deadline', 'Must be an undergraduate student, be a US Citizen, restricted to specific religious affiliations: Roman Catholic\r\n', NULL, 'Catholic', NULL, NULL, 500, 0, NULL),
(32, 'Mae Lassley Osage Scholarship', 'Scholarship', 'Roman Catholic Diocese of Tulsa', 'This scholarship fund gives the Catholic Church an opportunity to continue it\'s educational work with the Osage Tribe', 'Must attend a university, a four-year college or a two-year college, study full-time, be a US Citizen, restricted by race for American Indian/Alaska Native students, restricted to specific religious affiliations: Roman Catholic\r\n', 'Native American', NULL, NULL, NULL, 1000, 1, NULL),
(33, 'ISF National Scholarship', 'Scholarship', 'Islamic Scholarship Fund', 'ISF is a non profit 501 (c)(3) organization with the mission to improve the understanding and acceptance of Islam by supporting students and increasing Muslim American representation in the professions that influence public policy and public opinion through academic scholarships, film grants and networking opportunities.', 'Must attend a university, a four-year college or a two-year college, study full-time, be a US Citizen, not be attending high school currently, restricted to students studying Near and Middle East Studies, Anthropology, History, International Studies, Journalism, Law/Legal Services, Law Enforcement/Police Administration, Filmmaking/Video, or TV/Radio Broadcasting', NULL, 'Islam/Muslim Faith', NULL, NULL, 5000, 0, 3),
(34, 'Annual Award Program', 'Grant', 'Fadel Educational Foundation, Inc.', 'Grants of $800 to $3500 awarded on the basis of merit and financial need.', 'Must be a US Citizen, restricted to specific religious affiliations: Muslim faith\r\n', NULL, 'Islam/Muslim Faith', NULL, NULL, 3500, 1, NULL);

-- --------------------------------------------------------

--
-- Table structure for table `tblpermission`
--

DROP TABLE IF EXISTS `tblpermission`;
CREATE TABLE IF NOT EXISTS `tblpermission` (
  `pkpermissionid` int(10) UNSIGNED NOT NULL AUTO_INCREMENT,
  `nmname` varchar(20) COLLATE utf8mb4_unicode_ci NOT NULL,
  `txdescription` varchar(200) COLLATE utf8mb4_unicode_ci NOT NULL,
  PRIMARY KEY (`pkpermissionid`)
) ENGINE=InnoDB AUTO_INCREMENT=5 DEFAULT CHARSET=utf8mb4 COLLATE=utf8mb4_unicode_ci;

--
-- Dumping data for table `tblpermission`
--

INSERT INTO `tblpermission` (`pkpermissionid`, `nmname`, `txdescription`) VALUES
(1, 'Student', 'This is a student User. They get the basic permissions to use the website  like make their own profile, follow colleges, and other such features'),
(2, 'Admin', 'This user gets complete control over the website, make/delete new user profiles, college profiles, and have general website maintenence'),
(3, 'Representative', 'This user is assigned to a specific college by an Admin\'s permission. The are allowed to send notification about the college to the Students profile'),
(4, 'Parent', 'Parents can create an account that is associated with the Student account');

-- --------------------------------------------------------

--
-- Table structure for table `tblprofileanswers`
--

DROP TABLE IF EXISTS `tblprofileanswers`;
CREATE TABLE IF NOT EXISTS `tblprofileanswers` (
  `fkuserid` int(10) UNSIGNED NOT NULL,
  `fkquestionid` int(10) UNSIGNED NOT NULL,
  `txanswer` varchar(100) COLLATE utf8mb4_unicode_ci DEFAULT NULL,
  `boolanswer` tinyint(1) UNSIGNED NOT NULL,
  `nanswer` int(10) UNSIGNED DEFAULT NULL,
  `enimportant` enum('Irrelavent','Less','Average','Very') COLLATE utf8mb4_unicode_ci NOT NULL DEFAULT 'Irrelavent',
  PRIMARY KEY (`fkuserid`,`fkquestionid`),
  KEY `fkuserid` (`fkuserid`) USING BTREE,
  KEY `fkquestionid` (`fkquestionid`)
) ENGINE=InnoDB DEFAULT CHARSET=utf8mb4 COLLATE=utf8mb4_unicode_ci;

-- --------------------------------------------------------

--
-- Table structure for table `tblprovince`
--

DROP TABLE IF EXISTS `tblprovince`;
CREATE TABLE IF NOT EXISTS `tblprovince` (
  `pkstateid` int(10) UNSIGNED NOT NULL AUTO_INCREMENT,
  `idiso` varchar(8) COLLATE utf8mb4_unicode_ci NOT NULL,
  `nmname` varchar(192) COLLATE utf8mb4_unicode_ci NOT NULL,
  `fkcountryid` int(3) UNSIGNED NOT NULL,
  PRIMARY KEY (`pkstateid`),
  KEY `fkcountryid` (`fkcountryid`)
) ENGINE=InnoDB AUTO_INCREMENT=3876 DEFAULT CHARSET=utf8mb4 COLLATE=utf8mb4_unicode_ci;

--
-- Dumping data for table `tblprovince`
--

INSERT INTO `tblprovince` (`pkstateid`, `idiso`, `nmname`, `fkcountryid`) VALUES
(1, 'AE-AJ', '\'Ajman', 224),
(2, 'AE-AZ', 'Abu Zaby [Abu Dhabi]', 224),
(3, 'AE-DU', 'Dubayy [Dubai]', 224),
(4, 'AE-FU', 'Al Fujayrah', 224),
(5, 'AE-RK', 'Ra\'s al Khaymah', 224),
(6, 'AE-SH', 'Ash Shariqah [Sharjah]', 224),
(7, 'AE-UQ', 'Umm al Qaywayn', 224),
(8, 'AF-BAL', 'Balkh', 1),
(9, 'AF-BAM', 'Bamaln', 1),
(10, 'AF-BDG', 'Badghls', 1),
(11, 'AF-BDS', 'Badakhshan', 1),
(12, 'AF-BGL', 'Baghlan', 1),
(13, 'AF-FRAU', 'Farah', 1),
(14, 'AF-FYB', 'Faryab', 1),
(15, 'AF-GHA', 'Ghaznl', 1),
(16, 'AF-GHO', 'Ghowr', 1),
(17, 'AF-HEL', 'Helmand', 1),
(18, 'AF-HER', 'Herat', 1),
(19, 'AF-JOW', 'Jowzjan', 1),
(20, 'AF-KAB', 'Kabul [Kabol]', 1),
(21, 'AF-KANN', 'Kandahar', 1),
(22, 'AF-KAP', 'Kaplsa', 1),
(23, 'AF-KDZ', 'Kondoz [Kunduz]', 1),
(24, 'AF-KNR', 'Konar [Kunar]', 1),
(25, 'AF-LAG', 'Laghman', 1),
(26, 'AF-LOW', 'Lowgar', 1),
(27, 'AF-NAN', 'Nangrahar [Nangarhar]', 1),
(28, 'AF-NIM', 'Nlmruz', 1),
(29, 'AF-ORU', 'Oruzgan [Uruzgan]', 1),
(30, 'AF-PAR', 'Parwan', 1),
(31, 'AF-PIA', 'Paktla', 1),
(32, 'AF-PKA', 'Paktka', 1),
(33, 'AF-SAM', 'Samangan', 1),
(34, 'AF-SAR', 'Sar-e Pol', 1),
(35, 'AF-TAK', 'Takhar', 1),
(36, 'AF-WAR', 'Wardak [Wardag]', 1),
(37, 'AF-ZAB', 'Zabol [Zabul]', 1),
(38, 'AL-BR', 'Berat', 2),
(39, 'AL-BU', 'Bulqiz', 2),
(40, 'AL-DI', 'Dibr', 2),
(41, 'AL-DL', 'Delvin', 2),
(42, 'AL-DR', 'Durrs', 2),
(43, 'AL-DV', 'Devoll', 2),
(44, 'AL-EL', 'Elbasan', 2),
(45, 'AL-ER', 'Kolonj', 2),
(46, 'AL-FR', 'Fier', 2),
(47, 'AL-GJ', 'Gjirokastr', 2),
(48, 'AL-GR', 'Gramsh', 2),
(49, 'AL-HA', 'Has', 2),
(50, 'AL-KA', 'Kavaj', 2),
(51, 'AL-KB', 'Kurbin', 2),
(52, 'AL-KC', 'Kuov', 2),
(53, 'AL-KO', 'Kor', 2),
(54, 'AL-KR', 'Kruj', 2),
(55, 'AL-KU', 'Kuks', 2),
(56, 'AL-LA', 'La', 2),
(57, 'AL-LB', 'Librazhd', 2),
(58, 'AL-LE', 'Lezh', 2),
(59, 'AL-LU', 'Lushnj', 2),
(60, 'AL-MK', 'Mallakastr', 2),
(61, 'AL-MM', 'Malsi e Madhe', 2),
(62, 'AL-MR', 'Mirdit', 2),
(63, 'AL-MT', 'Mat', 2),
(64, 'AL-PG', 'Pogradec', 2),
(65, 'AL-PQ', 'Peqin', 2),
(66, 'AL-PR', 'Prmet', 2),
(67, 'AL-PU', 'Puk', 2),
(68, 'AL-SH', 'Shkodr', 2),
(69, 'AL-SK', 'Skrapar', 2),
(70, 'AL-SR', 'Sarand', 2),
(71, 'AL-TE', 'Tepelen', 2),
(72, 'AL-TP', 'Tropoj', 2),
(73, 'AL-TR', 'Tiran', 2),
(74, 'AL-VL', 'Vlor', 2),
(75, 'AM-AG', 'Aragacotn', 11),
(76, 'AM-AR', 'Ararat', 11),
(77, 'AM-AV', 'Armavir', 11),
(78, 'AM-ER', 'Erevan', 11),
(79, 'AM-GR', 'Gegarkunik', 11),
(80, 'AM-KT', 'Kotayk', 11),
(81, 'AM-LO', 'Lory', 11),
(82, 'AM-SH', 'irak', 11),
(83, 'AM-SU', 'Syunik', 11),
(84, 'AM-TV', 'Tavu', 11),
(85, 'AM-VD', 'Vayoc Jor', 11),
(86, 'AO-BGO', 'Bengo', 6),
(87, 'AO-BGU', 'Benguela', 6),
(88, 'AO-BIE', 'Bi', 6),
(89, 'AO-CAB', 'Cabinda', 6),
(90, 'AO-CCU', 'Cuando-Cubango', 6),
(91, 'AO-CNN', 'Cunene', 6),
(92, 'AO-CNO', 'Cuanza Norte', 6),
(93, 'AO-CUS', 'Cuanza Sul', 6),
(94, 'AO-HUA', 'Huambo', 6),
(95, 'AO-HUI', 'Hula', 6),
(96, 'AO-LNO', 'Lunda Norte', 6),
(97, 'AO-LSU', 'Lunda Sul', 6),
(98, 'AO-LUA', 'Luanda', 6),
(99, 'AO-MAL', 'Malange', 6),
(100, 'AO-MOX', 'Moxico', 6),
(101, 'AO-NAM', 'Namibe', 6),
(102, 'AO-UIG', 'Uge', 6),
(103, 'AO-ZAI', 'Zaire', 6),
(104, 'AR-A', 'Salta', 10),
(105, 'AR-B', 'Buenos Aires', 10),
(106, 'AR-C', 'Capital federal', 10),
(107, 'AR-D', 'San Luis', 10),
(108, 'AR-E', 'Entre Ros', 10),
(109, 'AR-F', 'La Rioja', 10),
(110, 'AR-G', 'Santiago del Estero', 10),
(111, 'AR-H', 'Chaco', 10),
(112, 'AR-J', 'San Juan', 10),
(113, 'AR-K', 'Catamarca', 10),
(114, 'AR-L', 'La Pampa', 10),
(115, 'AR-M', 'Mendoza', 10),
(116, 'AR-N', 'Misiones', 10),
(117, 'AR-P', 'Formosa', 10),
(118, 'AR-Q', 'Neuqun', 10),
(119, 'AR-R', 'Ro Negro', 10),
(120, 'AR-S', 'Santa Fe', 10),
(121, 'AR-T', 'Tucumn', 10),
(122, 'AR-U', 'Chubut', 10),
(123, 'AR-V', 'Tierra del Fuego', 10),
(124, 'AR-W', 'Corrientes', 10),
(125, 'AR-X', 'Crdoba', 10),
(126, 'AR-Y', 'Jujuy', 10),
(127, 'AR-Z', 'Santa Cruz', 10),
(128, 'AT-1', 'Burgenland', 14),
(129, 'AT-2', 'Krnten', 14),
(130, 'AT-3', 'Niedersterreich', 14),
(131, 'AT-4', 'Obersterreich', 14),
(132, 'AT-5', 'Salzburg', 14),
(133, 'AT-6', 'Steiermark', 14),
(134, 'AT-7', 'Tirol', 14),
(135, 'AT-8', 'Vorarlberg', 14),
(136, 'AT-9', 'Wien', 14),
(137, 'AU-CT', 'Australian Capital Territory', 13),
(138, 'AU-NS', 'New South Wales', 13),
(139, 'AU-NT', 'Northern Territory', 13),
(140, 'AU-QL', 'Queensland', 13),
(141, 'AU-SA', 'South Australia', 13),
(142, 'AU-TS', 'Tasmania', 13),
(143, 'AU-VI', 'Victoria', 13),
(144, 'AU-WA', 'Western Australia', 13),
(145, 'AZ-AB', 'li Bayraml', 15),
(146, 'AZ-ABS', 'Abseron', 15),
(147, 'AZ-AGA', 'Agstafa', 15),
(148, 'AZ-AGC', 'Agcabdi', 15),
(149, 'AZ-AGM', 'Agdam', 15),
(150, 'AZ-AGS', 'Agdas', 15),
(151, 'AZ-AGU', 'Agsu', 15),
(152, 'AZ-AST', 'Astara', 15),
(153, 'AZ-BA', 'Bakl', 15),
(154, 'AZ-BAB', 'Babk', 15),
(155, 'AZ-BAL', 'Balakn', 15),
(156, 'AZ-BAR', 'Brd', 15),
(157, 'AZ-BEY', 'Beylqan', 15),
(158, 'AZ-BIL', 'Bilsuvar', 15),
(159, 'AZ-CAB', 'Cbrayil', 15),
(160, 'AZ-CAL', 'Clilabad', 15),
(161, 'AZ-CUL', 'Culfa', 15),
(162, 'AZ-DAS', 'Dasksn', 15),
(163, 'AZ-DAV', 'Dvi', 15),
(164, 'AZ-FUZ', 'Fzuli', 15),
(165, 'AZ-GA', 'Gnc', 15),
(166, 'AZ-GAD', 'Gdby', 15),
(167, 'AZ-GOR', 'Goranboy', 15),
(168, 'AZ-GOY', 'Gyay', 15),
(169, 'AZ-HAC', 'Haclqabul', 15),
(170, 'AZ-IMI', 'Imisli', 15),
(171, 'AZ-ISM', 'Ismayilli', 15),
(172, 'AZ-KAL', 'Klbcr', 15),
(173, 'AZ-KUR', 'Krdmir', 15),
(174, 'AZ-LA', 'Lnkran', 15),
(175, 'AZ-LAC', 'Lain', 15),
(176, 'AZ-LAN', 'Lnkran', 15),
(177, 'AZ-LER', 'Lerik', 15),
(178, 'AZ-MAS', 'Masalli', 15),
(179, 'AZ-MI', 'Mingevir', 15),
(180, 'AZ-MM', 'Naxivan', 15),
(181, 'AZ-NA', 'Naftalan', 15),
(182, 'AZ-NEF', 'Neftala', 15),
(183, 'AZ-OGU', 'Oguz', 15),
(184, 'AZ-ORD', 'Ordubad', 15),
(185, 'AZ-QAB', 'Qbl', 15),
(186, 'AZ-QAX', 'Qax', 15),
(187, 'AZ-QAZ', 'Qazax', 15),
(188, 'AZ-QBA', 'Quba', 15),
(189, 'AZ-QBI', 'Qubadli', 15),
(190, 'AZ-QOB', 'Qobustan', 15),
(191, 'AZ-QUS', 'Qusar', 15),
(192, 'AZ-SA', 'Ski', 15),
(193, 'AZ-SAB', 'Sabirabad', 15),
(194, 'AZ-SAD', 'Sdrk', 15),
(195, 'AZ-SAH', 'Sahbuz', 15),
(196, 'AZ-SAK', 'Ski', 15),
(197, 'AZ-SAL', 'Salyan', 15),
(198, 'AZ-SAR', 'Srur', 15),
(199, 'AZ-SAT', 'Saatli', 15),
(200, 'AZ-SIY', 'Siyzn', 15),
(201, 'AZ-SKR', 'Smkir', 15),
(202, 'AZ-SM', 'Sumqayit', 15),
(203, 'AZ-SMI', 'Samaxi', 15),
(204, 'AZ-SMX', 'Samux', 15),
(205, 'AZ-SS', 'Susa', 15),
(206, 'AZ-SUS', 'Susa', 15),
(207, 'AZ-TAR', 'Trtr', 15),
(208, 'AZ-TOV', 'Tovuz', 15),
(209, 'AZ-UCA', 'Ucar', 15),
(210, 'AZ-XA', 'Xankndi', 15),
(211, 'AZ-XAC', 'Xamaz', 15),
(212, 'AZ-XAN', 'Xanlar', 15),
(213, 'AZ-XCI', 'Xocali', 15),
(214, 'AZ-XIZ', 'Xizi', 15),
(215, 'AZ-XVD', 'Xocavnd', 15),
(216, 'AZ-YAR', 'Yardimli', 15),
(217, 'AZ-YE', 'Yevlax', 15),
(218, 'AZ-YEV', 'Yevlax', 15),
(219, 'AZ-ZAN', 'Zngilan', 15),
(220, 'AZ-ZAQ', 'Zaqatala', 15),
(221, 'AZ-ZAR', 'Zrdab', 15),
(222, 'BA-BIH', 'Federacija Bosna i Hercegovina', 27),
(223, 'BA-SRP', 'Republika Srpska', 27),
(224, 'BD-01', 'Bandarban zila 2', 18),
(225, 'BD-02', 'Barguna zila 1', 18),
(226, 'BD-03', 'Bogra zila 5', 18),
(227, 'BD-04', 'Brahmanbaria zila 2', 18),
(228, 'BD-05', 'Bagerhat zila 4', 18),
(229, 'BD-06', 'Barisal zila 1', 18),
(230, 'BD-07', 'Bhola zila 1', 18),
(231, 'BD-08', 'Comilla zila 2', 18),
(232, 'BD-09', 'Chandpur zila 2', 18),
(233, 'BD-1', 'Barisal bibhag', 18),
(234, 'BD-10', 'Chittagong zila 2', 18),
(235, 'BD-11', 'Cox\'s Bazar zila 2', 18),
(236, 'BD-12', 'Chuadanga zila 4', 18),
(237, 'BD-13', 'Dhaka zila 3', 18),
(238, 'BD-14', 'Dinajpur zila 5', 18),
(239, 'BD-15', 'Faridpur zila 3', 18),
(240, 'BD-16', 'Feni zila 2', 18),
(241, 'BD-17', 'Gopalganj zila 3', 18),
(242, 'BD-18', 'Gazipur zila 3', 18),
(243, 'BD-19', 'Gaibandha zila 5', 18),
(244, 'BD-2', 'Chittagong bibhag', 18),
(245, 'BD-20', 'Habiganj zila 6', 18),
(246, 'BD-21', 'Jamalpur zila 3', 18),
(247, 'BD-22', 'Jessore zila 4', 18),
(248, 'BD-23', 'Jhenaidah zila 4', 18),
(249, 'BD-24', 'Jaipurhat zila 5', 18),
(250, 'BD-25', 'Jhalakati zila 1', 18),
(251, 'BD-26', 'Kishoreganj zila 3', 18),
(252, 'BD-27', 'Khulna zila 4', 18),
(253, 'BD-28', 'Kurigram zila 5', 18),
(254, 'BD-29', 'Khagrachari zila 2', 18),
(255, 'BD-3', 'Dhaka bibhag', 18),
(256, 'BD-30', 'Kushtia zila 4', 18),
(257, 'BD-31', 'Lakshmipur zila 2', 18),
(258, 'BD-32', 'Lalmonirhat zila 5', 18),
(259, 'BD-33', 'Manikganj zila 3', 18),
(260, 'BD-34', 'Mymensingh zila 3', 18),
(261, 'BD-35', 'Munshiganj zila 3', 18),
(262, 'BD-36', 'Madaripur zila 3', 18),
(263, 'BD-37', 'Magura zila 4', 18),
(264, 'BD-38', 'Moulvibazar zila 6', 18),
(265, 'BD-39', 'Meherpur zila 4', 18),
(266, 'BD-4', 'Khulna bibhag', 18),
(267, 'BD-40', 'Narayanganj zila 3', 18),
(268, 'BD-41', 'Netrakona zila 3', 18),
(269, 'BD-42', 'Narsingdi zila 3', 18),
(270, 'BD-43', 'Narail zila 4', 18),
(271, 'BD-44', 'Natore zila 5', 18),
(272, 'BD-45', 'Nawabganj zila 5', 18),
(273, 'BD-46', 'Nilphamari zila 5', 18),
(274, 'BD-47', 'Noakhali zila 2', 18),
(275, 'BD-48', 'Naogaon zila 5', 18),
(276, 'BD-49', 'Pabna zila 5', 18),
(277, 'BD-5', 'Rajshahi bibhag', 18),
(278, 'BD-50', 'Pirojpur zila 1', 18),
(279, 'BD-51', 'Patuakhali zila 1', 18),
(280, 'BD-52', 'Panchagarh zila 5', 18),
(281, 'BD-53', 'Rajbari zila 3', 18),
(282, 'BD-54', 'Rajshahi zila 5', 18),
(283, 'BD-55', 'Rangpur zila 5', 18),
(284, 'BD-56', 'Rangamati zila 2', 18),
(285, 'BD-57', 'Sherpur zila 3', 18),
(286, 'BD-58', 'Satkhira zila 4', 18),
(287, 'BD-59', 'Sirajganj zila 5', 18),
(288, 'BD-6', 'Sylhet bibhag', 18),
(289, 'BD-60', 'Sylhet zila 6', 18),
(290, 'BD-61', 'Sunamganj zila 6', 18),
(291, 'BD-62', 'Shariatpur zila 3', 18),
(292, 'BD-63', 'Tangail zila 3', 18),
(293, 'BD-64', 'Thakurgaon zila 5', 18),
(294, 'BE-BRU', 'Bruxelles-Capitale, Rgion de (fr), Brussels Hoofdstedelijk Gewest (nl)', 21),
(295, 'BE-VAN', 'Antwerpen (nl) VLG', 21),
(296, 'BE-VBR', 'Vlaams Brabant (nl) VLG', 21),
(297, 'BE-VLG', 'Vlaamse Gewest (nl)', 21),
(298, 'BE-VLI', 'Limburg (nl) VLG', 21),
(299, 'BE-VOV', 'Oost-Vlaanderen (nl) VLG', 21),
(300, 'BE-VWV', 'West-Vlaanderen (nl) VLG', 21),
(301, 'BE-WAL', 'Wallonne, Rgion (fr)', 21),
(302, 'BE-WBR', 'Brabant Wallon (fr) WAL', 21),
(303, 'BE-WHT', 'Hainaut (fr) WAL', 21),
(304, 'BE-WLG', 'Lige (fr) WAL', 21),
(305, 'BE-WLX', 'Luxembourg (fr) WAL', 21),
(306, 'BE-WNA', 'Namur (fr) WAL', 21),
(307, 'BF-BAL', 'Bal', 34),
(308, 'BF-BAM', 'Bam', 34),
(309, 'BF-BAN', 'Banwa', 34),
(310, 'BF-BAZ', 'Bazga', 34),
(311, 'BF-BGR', 'Bougouriba', 34),
(312, 'BF-BLG', 'Boulgou', 34),
(313, 'BF-BLK', 'Boulkiemd', 34),
(314, 'BF-COM', 'Como', 34),
(315, 'BF-GAN', 'Ganzourgou', 34),
(316, 'BF-GNA', 'Gnagna', 34),
(317, 'BF-GOU', 'Gourma', 34),
(318, 'BF-HOU', 'Houet', 34),
(319, 'BF-IOB', 'Ioba', 34),
(320, 'BF-KAD', 'Kadiogo', 34),
(321, 'BF-KEN', 'Kndougou', 34),
(322, 'BF-KMD', 'Komondjari', 34),
(323, 'BF-KMP', 'Kompienga', 34),
(324, 'BF-KOP', 'Koulplogo', 34),
(325, 'BF-KOS', 'Kossi', 34),
(326, 'BF-KOT', 'Kouritenga', 34),
(327, 'BF-KOW', 'Kourwogo', 34),
(328, 'BF-LER', 'Lraba', 34),
(329, 'BF-LOR', 'Loroum', 34),
(330, 'BF-MOU', 'Mouhoun', 34),
(331, 'BF-NAM', 'Namentenga', 34),
(332, 'BF-NAO', 'Nahouri', 34),
(333, 'BF-NAY', 'Nayala', 34),
(334, 'BF-NOU', 'Noumbiel', 34),
(335, 'BF-OUB', 'Oubritenga', 34),
(336, 'BF-OUD', 'Oudalan', 34),
(337, 'BF-PAS', 'Passor', 34),
(338, 'BF-PON', 'Poni', 34),
(339, 'BF-SEN', 'Sno', 34),
(340, 'BF-SIS', 'Sissili', 34),
(341, 'BF-SMT', 'Sanmatenga', 34),
(342, 'BF-SNG', 'Sangui', 34),
(343, 'BF-SOM', 'Soum', 34),
(344, 'BF-SOR', 'Sourou', 34),
(345, 'BF-TAP', 'Tapoa', 34),
(346, 'BF-TUI', 'Tui', 34),
(347, 'BF-YAG', 'Yagha', 34),
(348, 'BF-YAT', 'Yatenga', 34),
(349, 'BF-ZIR', 'Ziro', 34),
(350, 'BF-ZON', 'Zondoma', 34),
(351, 'BF-ZOU', 'Zoundwogo', 34),
(352, 'BG-01', 'Blagoevgrad', 33),
(353, 'BG-02', 'Burgas', 33),
(354, 'BG-03', 'Varna', 33),
(355, 'BG-04', 'Veliko Tarnovo', 33),
(356, 'BG-05', 'Vidin', 33),
(357, 'BG-06', 'Vraca', 33),
(358, 'BG-07', 'Gabrovo', 33),
(359, 'BG-08', 'Dobric', 33),
(360, 'BG-09', 'Kardzali', 33),
(361, 'BG-10', 'Kjustendil', 33),
(362, 'BG-11', 'Lovec', 33),
(363, 'BG-12', 'Montana', 33),
(364, 'BG-13', 'Pazardzik', 33),
(365, 'BG-14', 'Pernik', 33),
(366, 'BG-15', 'Pleven', 33),
(367, 'BG-16', 'Plovdiv', 33),
(368, 'BG-17', 'Razgrad', 33),
(369, 'BG-18', 'Ruse', 33),
(370, 'BG-19', 'Silistra', 33),
(371, 'BG-20', 'Sliven', 33),
(372, 'BG-21', 'Smoljan', 33),
(373, 'BG-22', 'Sofija-Grad', 33),
(374, 'BG-23', 'Sofija', 33),
(375, 'BG-24', 'Stara Zagora', 33),
(376, 'BG-25', 'Targoviste', 33),
(377, 'BG-26', 'Haskovo', 33),
(378, 'BG-27', 'Sumen', 33),
(379, 'BG-28', 'Jambol', 33),
(380, 'BH-01', 'Al Hadd', 17),
(381, 'BH-02', 'Al Muharraq', 17),
(382, 'BH-03', 'Al Manamah', 17),
(383, 'BH-04', 'Jidd Hafs', 17),
(384, 'BH-05', 'Al Mintaqah ash Shamallyah', 17),
(385, 'BH-06', 'Sitrah', 17),
(386, 'BH-07', 'Al Mintaqah al Wust', 17),
(387, 'BH-08', 'Madlnat Is', 17),
(388, 'BH-09', 'Ar Rifa', 17),
(389, 'BH-10', 'Al Mintaqah al Gharb yah', 17),
(390, 'BH-11', 'Mintaqat Juzur Hawar', 17),
(391, 'BH-12', 'Madlnat Hamad', 17),
(392, 'BI-BB', 'Bubanza', 35),
(393, 'BI-BJ', 'Bujumbura', 35),
(394, 'BI-BR', 'Bururi', 35),
(395, 'BI-CA', 'Cankuzo', 35),
(396, 'BI-CI', 'Cibitoke', 35),
(397, 'BI-GI', 'Gitega', 35),
(398, 'BI-KI', 'Kirundo', 35),
(399, 'BI-KR', 'Karuzi', 35),
(400, 'BI-KY', 'Kayanza', 35),
(401, 'BI-MA', 'Makamba', 35),
(402, 'BI-MU', 'Muramvya', 35),
(403, 'BI-MW', 'Mwaro', 35),
(404, 'BI-MY', 'Muyinga', 35),
(405, 'BI-NG', 'Ngozi', 35),
(406, 'BI-RT', 'Rutana', 35),
(407, 'BI-RY', 'Ruyigi', 35),
(408, 'BJ-AK', 'Atakora', 23),
(409, 'BJ-AL', 'Alibori', 23),
(410, 'BJ-AQ', 'Atlantique', 23),
(411, 'BJ-BO', 'Borgou', 23),
(412, 'BJ-CO', 'Collines', 23),
(413, 'BJ-DO', 'Donga', 23),
(414, 'BJ-KO', 'Kouffo', 23),
(415, 'BJ-LI', 'Littoral', 23),
(416, 'BJ-MO', 'Mono', 23),
(417, 'BJ-OU', 'Oum', 23),
(418, 'BJ-PL', 'Plateau', 23),
(419, 'BJ-ZO', 'Zou', 23),
(420, 'BN-BE', 'Belait', 32),
(421, 'BN-BM', 'Brunei-Muara', 32),
(422, 'BN-TE', 'Temburong', 32),
(423, 'BN-TU', 'Tutong', 32),
(424, 'BO-B', 'El Beni', 26),
(425, 'BO-C', 'Cochabamba', 26),
(426, 'BO-H', 'Chuquisaca', 26),
(427, 'BO-L', 'La Paz', 26),
(428, 'BO-N', 'Pando', 26),
(429, 'BO-O', 'Oruro', 26),
(430, 'BO-P', 'Potos', 26),
(431, 'BO-S', 'Santa Cruz', 26),
(432, 'BO-T', 'Tarija', 26),
(433, 'BR-AC', 'Acre', 30),
(434, 'BR-AL', 'Alagoas', 30),
(435, 'BR-AM', 'Amazonas', 30),
(436, 'BR-AP', 'Amap', 30),
(437, 'BR-BA', 'Bahia', 30),
(438, 'BR-CE', 'Cear', 30),
(439, 'BR-DF', 'Distrito Federal', 30),
(440, 'BR-ES', 'Esprito Santo', 30),
(441, 'BR-GO', 'Gois', 30),
(442, 'BR-MA', 'Maranho', 30),
(443, 'BR-MG', 'Minas Gerais', 30),
(444, 'BR-MS', 'Mato Grosso do Sul', 30),
(445, 'BR-MT', 'Mato Grosso', 30),
(446, 'BR-PA', 'Par', 30),
(447, 'BR-PB', 'Paraba', 30),
(448, 'BR-PE', 'Pernambuco', 30),
(449, 'BR-PI', 'Piau', 30),
(450, 'BR-PR', 'Paran', 30),
(451, 'BR-RJ', 'Rio de Janeiro', 30),
(452, 'BR-RN', 'Rio Grande do Norte', 30),
(453, 'BR-RO', 'Rondnia', 30),
(454, 'BR-RR', 'Roraima', 30),
(455, 'BR-RS', 'Rio Grande do Sul', 30),
(456, 'BR-SC', 'Santa Catarina', 30),
(457, 'BR-SE', 'Sergipe', 30),
(458, 'BR-SP', 'So Paulo', 30),
(459, 'BR-TO', 'Tocantins', 30),
(460, 'BS-AC', 'Acklins and Crooked Islands', 16),
(461, 'BS-BI', 'Bimini', 16),
(462, 'BS-CI', 'Cat Island', 16),
(463, 'BS-EX', 'Exuma', 16),
(464, 'BS-FC', 'Fresh Creek', 16),
(465, 'BS-FP', 'Freeport', 16),
(466, 'BS-GH', 'Governor\'s Harbour', 16),
(467, 'BS-GT', 'Green Turtle Cay', 16),
(468, 'BS-HI', 'Harbour Island', 16),
(469, 'BS-HR', 'High Rock', 16),
(470, 'BS-IN', 'Inagua', 16),
(471, 'BS-KB', 'Kemps Bay', 16),
(472, 'BS-LI', 'Long Island', 16),
(473, 'BS-MG', 'Mayaguana', 16),
(474, 'BS-MH', 'Marsh Harbour', 16),
(475, 'BS-NB', 'Nicholls Town and Berry Islands', 16),
(476, 'BS-NP', 'New Providence', 16),
(477, 'BS-RI', 'Ragged Island', 16),
(478, 'BS-RS', 'Rock Sound', 16),
(479, 'BS-SP', 'Sandy Point', 16),
(480, 'BS-SR', 'San Salvador and Rum Cay', 16),
(481, 'BT-11', 'Paro', 25),
(482, 'BT-12', 'Chhukha', 25),
(483, 'BT-13', 'Ha', 25),
(484, 'BT-14', 'Samtse', 25),
(485, 'BT-15', 'Thimphu', 25),
(486, 'BT-21', 'Tsirang', 25),
(487, 'BT-22', 'Dagana', 25),
(488, 'BT-23', 'Punakha', 25),
(489, 'BT-24', 'Wangdue Phodrang', 25),
(490, 'BT-31', 'Sarpang', 25),
(491, 'BT-32', 'Trongsa', 25),
(492, 'BT-33', 'Bumthang', 25),
(493, 'BT-34', 'Zhemgang', 25),
(494, 'BT-41', 'Trashigang', 25),
(495, 'BT-42', 'Monggar', 25),
(496, 'BT-43', 'Pemagatshel', 25),
(497, 'BT-44', 'Lhuentse', 25),
(498, 'BT-45', 'Samdrup Jongkha', 25),
(499, 'BT-GA', 'Gasa', 25),
(500, 'BT-TY', 'Trashi Yangtse', 25),
(501, 'BW-CE', 'Central [Serowe-Palapye]', 28),
(502, 'BW-CH', 'Chobe', 28),
(503, 'BW-GH', 'Ghanzi', 28),
(504, 'BW-KG', 'Kgalagadi', 28),
(505, 'BW-KL', 'Kgatleng', 28),
(506, 'BW-KW', 'Kweneng', 28),
(507, 'BW-NE', 'North-East', 28),
(508, 'BW-NG', 'Ngamiland [North-West]', 28),
(509, 'BW-SE', 'South-East', 28),
(510, 'BW-SO', 'Southern [Ngwaketse]', 28),
(511, 'BY-BR', 'Brestskaya voblasts\' (be) Brestskaya oblast\' (ru)', 20),
(512, 'BY-HO', 'Homyel\'skaya voblasts\' (be) Gomel\'skaya oblast\' (ru)', 20),
(513, 'BY-HR', 'Hrodzenskaya voblasts\' (be) Grodnenskaya oblast\' (ru)', 20),
(514, 'BY-MA', 'Mahilyowskaya voblasts\' (be) Mogilevskaya oblast\' (ru)', 20),
(515, 'BY-MI', 'Minskaya voblasts\' (be) Minskaya oblast\' (ru)', 20),
(516, 'BY-VI', 'Vitsyebskaya voblasts\' (be) Vitebskaya oblast\' (ru)', 20),
(517, 'BZ-BZ', 'Belize', 22),
(518, 'BZ-CY', 'Cayo', 22),
(519, 'BZ-CZL', 'Corozal', 22),
(520, 'BZ-OW', 'Orange Walk', 22),
(521, 'BZ-SC', 'Stann Creek', 22),
(522, 'BZ-TOL', 'Toledo', 22),
(523, 'CA-AB', 'Alberta', 38),
(524, 'CA-BC', 'British Columbia (fr: Colombie-Britannique)', 38),
(525, 'CA-MB', 'Manitoba', 38),
(526, 'CA-NB', 'New Brunswick (fr: Nouveau-Brunswick)', 38),
(527, 'CA-NL', 'Newfoundland and Labrador (fr: Terre-Neuve-et-Labrador)', 38),
(528, 'CA-NS', 'Nova Scotia (fr: Nouvelle-cosse)', 38),
(529, 'CA-NT', 'Northwest Territories (fr: Territoires du Nord-Ouest)', 38),
(530, 'CA-NU', 'Nunavut', 38),
(531, 'CA-ON', 'Ontario', 38),
(532, 'CA-PE', 'Prince Edward Island (fr: le-du-Prince-douard)', 38),
(533, 'CA-QC', 'Quebec (fr: Qubec)', 38),
(534, 'CA-SK', 'Saskatchewan', 38),
(535, 'CA-YT', 'Yukon Territory (fr: Territoire du Yukon)', 38),
(536, 'CD-BC', 'Bas-Congo', 50),
(537, 'CD-BN', 'Bandundu', 50),
(538, 'CD-EQ', 'quateur', 50),
(539, 'CD-KA', 'Katanga', 50),
(540, 'CD-KE', 'Kasai-Oriental', 50),
(541, 'CD-KN', 'Kinshasa', 50),
(542, 'CD-KW', 'Kasai-Occidental', 50),
(543, 'CD-MA', 'Maniema', 50),
(544, 'CD-NK', 'Nord-Kivu', 50),
(545, 'CD-OR', 'Orientale', 50),
(546, 'CD-SK', 'Sud-Kivu', 50),
(547, 'CF-AC', 'Ouham', 41),
(548, 'CF-BB', 'Bamingui-Bangoran', 41),
(549, 'CF-BGF', 'Bangui', 41),
(550, 'CF-BK', 'Basse-Kotto', 41),
(551, 'CF-HK', 'Haute-Kotto', 41),
(552, 'CF-HM', 'Haut-Mbomou', 41),
(553, 'CF-HS', 'Mambr-Kad', 41),
(554, 'CF-KB', 'Nana-Grbizi', 41),
(555, 'CF-KG', 'Kmo', 41),
(556, 'CF-LB', 'Lobaye', 41),
(557, 'CF-MB', 'Mbomou', 41),
(558, 'CF-MP', 'Ombella-Mpoko', 41),
(559, 'CF-NM', 'Nana-Mambr', 41),
(560, 'CF-OP', 'Ouham-Pend', 41),
(561, 'CF-SE', 'Sangha-Mbar', 41),
(562, 'CF-UK', 'Ouaka', 41),
(563, 'CF-VK', 'Vakaga', 41),
(564, 'CG-11', 'Bouenza', 49),
(565, 'CG-12', 'Pool', 49),
(566, 'CG-13', 'Sangha', 49),
(567, 'CG-14', 'Plateaux', 49),
(568, 'CG-15', 'Cuvette-Ouest', 49),
(569, 'CG-2', 'Lkoumou', 49),
(570, 'CG-5', 'Kouilou', 49),
(571, 'CG-7', 'Likouala', 49),
(572, 'CG-8', 'Cuvette', 49),
(573, 'CG-9', 'Niari', 49),
(574, 'CG-BZV', 'Brazzaville', 49),
(575, 'CH-AG', 'Aargau (de)', 206),
(576, 'CH-AI', 'Appenzell Inner-Rhoden (de)', 206),
(577, 'CH-AR', 'Appenzell Ausser-Rhoden (de)', 206),
(578, 'CH-BE', 'Bern (de) Berne (fr)', 206),
(579, 'CH-BL', 'Basel-Landschaft (de)', 206),
(580, 'CH-BS', 'Basel-Stadt (de)', 206),
(581, 'CH-FR', 'Fribourg (fr) Freiburg (de)', 206),
(582, 'CH-GE', 'Genve (fr)', 206),
(583, 'CH-GL', 'Glarus (de)', 206),
(584, 'CH-GR', 'Graubnden (de) Grigioni (it)', 206),
(585, 'CH-JU', 'Jura (fr)', 206),
(586, 'CH-LU', 'Luzern (de)', 206),
(587, 'CH-NE', 'Neuchtel (fr)', 206),
(588, 'CH-NW', 'Nidwalden (de)', 206),
(589, 'CH-OW', 'Obwalden (de)', 206),
(590, 'CH-SG', 'Sankt Gallen (de)', 206),
(591, 'CH-SH', 'Schaffhausen (de)', 206),
(592, 'CH-SO', 'Solothurn (de)', 206),
(593, 'CH-SZ', 'Schwyz (de)', 206),
(594, 'CH-TG', 'Thurgau (de)', 206),
(595, 'CH-TI', 'Ticino (it)', 206),
(596, 'CH-UR', 'Uri (de)', 206),
(597, 'CH-VD', 'Vaud (fr)', 206),
(598, 'CH-VS', 'Valais (fr) Wallis (de)', 206),
(599, 'CH-ZG', 'Zug (de)', 206),
(600, 'CH-ZH', 'Zrich (de)', 206),
(601, 'CI-01', 'Lagunes (Rgion des)', 53),
(602, 'CI-02', 'Haut-Sassandra (Rgion du)', 53),
(603, 'CI-03', 'Savanes (Rgion des)', 53),
(604, 'CI-04', 'Valle du Bandama (Rgion de la)', 53),
(605, 'CI-05', 'Moyen-Como (Rgion du)', 53),
(606, 'CI-06', '18 Montagnes (Rgion des)', 53),
(607, 'CI-07', 'Lacs (Rgion des)', 53),
(608, 'CI-08', 'Zanzan (Rgion du)', 53),
(609, 'CI-09', 'Bas-Sassandra (Rgion du)', 53),
(610, 'CI-10', 'Dengul (Rgion du)', 53),
(611, 'CI-11', 'Nzi-Como (Rgion)', 53),
(612, 'CI-12', 'Marahou (Rgion de la)', 53),
(613, 'CI-13', 'Sud-Como (Rgion du)', 53),
(614, 'CI-14', 'Worodougou (Rgion du)', 53),
(615, 'CI-15', 'Sud-Bandama (Rgion du)', 53),
(616, 'CI-16', 'Agnbi (Rgion de l)', 53),
(617, 'CL-AI', 'Aisn del General Carlos Ibez del Campo', 43),
(618, 'CL-AN', 'Antofagasta', 43),
(619, 'CL-AR', 'Araucana', 43),
(620, 'CL-AT', 'Atacama', 43),
(621, 'CL-BI', 'Bo-Bo', 43),
(622, 'CL-CO', 'Coquimbo', 43),
(623, 'CL-LI', 'Libertador General Bernardo O\'Higgins', 43),
(624, 'CL-LL', 'Los Lagos', 43),
(625, 'CL-MA', 'Magallanes', 43),
(626, 'CL-ML', 'Maule', 43),
(627, 'CL-RM', 'Regin Metropolitana de Santiago', 43),
(628, 'CL-TA', 'Tarapac', 43),
(629, 'CL-VS', 'Valparaso', 43),
(630, 'CM-AD', 'Adamaoua (en), Adamaoua (fr)', 37),
(631, 'CM-CE', 'Centre (en), Centre (fr)', 37),
(632, 'CM-EN', 'Far North (en), Extrme-Nord (fr)', 37),
(633, 'CM-ES', 'East (en), Est (fr)', 37),
(634, 'CM-LT', 'Littoral (en), Littoral (fr)', 37),
(635, 'CM-NO', 'North (en), Nord (fr)', 37),
(636, 'CM-NW', 'North-West (en), Nord-Ouest (fr)', 37),
(637, 'CM-OU', 'West (en), Ouest (fr)', 37),
(638, 'CM-SU', 'South (en), Sud (fr)', 37),
(639, 'CM-SW', 'South-West (en), Sud-Ouest (fr)', 37),
(640, 'CN-11', 'Beijing', 44),
(641, 'CN-12', 'Tianjin', 44),
(642, 'CN-13', 'Hebei', 44),
(643, 'CN-14', 'Shanxi', 44),
(644, 'CN-15', 'Neimenggu (zh), (mn: Nei Monggol)', 44),
(645, 'CN-21', 'Liaoning', 44),
(646, 'CN-22', 'Jilin', 44),
(647, 'CN-23', 'Heilongjiang', 44),
(648, 'CN-31', 'Shanghai', 44),
(649, 'CN-32', 'Jiangsu', 44),
(650, 'CN-33', 'Zhejiang', 44),
(651, 'CN-34', 'Anhui', 44),
(652, 'CN-35', 'Fujian', 44),
(653, 'CN-36', 'Jiangxi', 44),
(654, 'CN-37', 'Shandong', 44),
(655, 'CN-41', 'Henan', 44),
(656, 'CN-42', 'Hubei', 44),
(657, 'CN-43', 'Hunan', 44),
(658, 'CN-44', 'Guangdong', 44),
(659, 'CN-45', 'Guangxi', 44),
(660, 'CN-46', 'Hainan', 44),
(661, 'CN-50', 'Chongqing', 44),
(662, 'CN-51', 'Sichuan', 44),
(663, 'CN-52', 'Guizhou', 44),
(664, 'CN-53', 'Yunnan', 44),
(665, 'CN-54', 'Xizang', 44),
(666, 'CN-61', 'Shaanxi', 44),
(667, 'CN-62', 'Gansu', 44),
(668, 'CN-63', 'Qinghai', 44),
(669, 'CN-64', 'Ningxia', 44),
(670, 'CN-65', 'Xinjiang', 44),
(671, 'CN-71', 'Taiwan (see also separate entry under TW)', 44),
(672, 'CN-91', 'Xianggang (zh), (en: Hong Kong)', 44),
(673, 'CN-92', 'Aomen (zh), (en: Macao)', 44),
(674, 'CO-AMA', 'Amazonas', 47),
(675, 'CO-ANT', 'Antioquia', 47),
(676, 'CO-ARA', 'Arauca', 47),
(677, 'CO-ATL', 'Atlntico', 47),
(678, 'CO-BOL', 'Bolvar', 47),
(679, 'CO-BOY', 'Boyac', 47),
(680, 'CO-CAL', 'Caldas', 47),
(681, 'CO-CAQ', 'Caquet', 47),
(682, 'CO-CAS', 'Casanare', 47),
(683, 'CO-CAU', 'Cauca', 47),
(684, 'CO-CES', 'Cesar', 47),
(685, 'CO-CHO', 'Choc', 47),
(686, 'CO-COR', 'Crdoba', 47),
(687, 'CO-CUN', 'Cundinamarca', 47),
(688, 'CO-DC', 'Distrito Capital de Santa Fe de Bogot', 47),
(689, 'CO-GUA', 'Guaina', 47),
(690, 'CO-GUV', 'Guaviare', 47),
(691, 'CO-HUI', 'Huila', 47),
(692, 'CO-LAG', 'La Guajira', 47),
(693, 'CO-MAG', 'Magdalena', 47),
(694, 'CO-MET', 'Meta', 47),
(695, 'CO-NAR', 'Nario', 47),
(696, 'CO-NSA', 'Norte de Santander', 47),
(697, 'CO-PUT', 'Putumayo', 47),
(698, 'CO-QUI', 'Quindo', 47),
(699, 'CO-RIS', 'Risaralda', 47),
(700, 'CO-SAN', 'Santander', 47),
(701, 'CO-SAP', 'San Andrs, Providencia y Santa Catalina', 47),
(702, 'CO-SUC', 'Sucre', 47),
(703, 'CO-TOL', 'Tolima', 47),
(704, 'CO-VAC', 'Valle del Cauca', 47),
(705, 'CO-VAU', 'Vaups', 47),
(706, 'CO-VID', 'Vichada', 47),
(707, 'CR-A', 'Alajuela', 52),
(708, 'CR-C', 'Cartago', 52),
(709, 'CR-G', 'Guanacaste', 52),
(710, 'CR-H', 'Heredia', 52),
(711, 'CR-L', 'Limn', 52),
(712, 'CR-P', 'Puntarenas', 52),
(713, 'CR-SJ', 'San Jos', 52),
(714, 'CU-01', 'Pinar del Ro', 55),
(715, 'CU-02', 'La Habana', 55),
(716, 'CU-03', 'Ciudad de La Habana', 55),
(717, 'CU-04', 'Matanzas', 55),
(718, 'CU-05', 'Villa Clara', 55),
(719, 'CU-06', 'Cienfuegos', 55),
(720, 'CU-07', 'Sancti Spritus', 55),
(721, 'CU-08', 'Ciego de vila', 55),
(722, 'CU-09', 'Camagey', 55),
(723, 'CU-10', 'Las Tunas', 55),
(724, 'CU-11', 'Holgun', 55),
(725, 'CU-12', 'Granma', 55),
(726, 'CU-13', 'Santiago de Cuba', 55),
(727, 'CU-14', 'Guantnamo', 55),
(728, 'CU-99', 'Isla de la Juventud', 55),
(729, 'CV-B', 'Ilhas de Barlavento', 39),
(730, 'CV-BR', 'Brava S', 39),
(731, 'CV-BV', 'Boa Vista B', 39),
(732, 'CV-CA', 'Santa Catarina S', 39),
(733, 'CV-CR', 'Santa Cruz S', 39),
(734, 'CV-CS', 'Calheta de Sao Miguel S', 39),
(735, 'CV-FO', 'Fogo S', 39),
(736, 'CV-MA', 'Maio S', 39),
(737, 'CV-MO', 'Mosteiros S', 39),
(738, 'CV-PA', 'Paul B', 39),
(739, 'CV-PN', 'Porto Novo B', 39),
(740, 'CV-PR', 'Praia S', 39),
(741, 'CV-RG', 'Ribeira Grande B', 39),
(742, 'CV-S', 'Ilhas de Sotavento', 39),
(743, 'CV-SF', 'Sao Filipe S', 39),
(744, 'CV-SL', 'Sal B', 39),
(745, 'CV-SN', 'So Nicolau B', 39),
(746, 'CV-SV', 'So Vicente B', 39),
(747, 'CV-TA', 'Tarrafal S', 39),
(748, 'CY-01', 'Lefkosia (el), Lefkosa (tr)', 56),
(749, 'CY-02', 'Lemesos (el), Leymosun (tr)', 56),
(750, 'CY-03', 'Larnaka (el), Larnaka (tr)', 56),
(751, 'CY-04', 'Ammochostos (el), Mag usa (tr)', 56),
(752, 'CY-05', 'Pafos (el), Baf (tr)', 56),
(753, 'CY-06', 'Keryneia (el), Girne (tr)', 56),
(754, 'CZ-JC', 'Jihocesk kraj', 57),
(755, 'CZ-JM', 'Jihomoravsk kraj', 57),
(756, 'CZ-KA', 'Karlovarsk kraj', 57),
(757, 'CZ-KR', 'Krlovhradeck kraj', 57),
(758, 'CZ-LI', 'Libereck kraj', 57),
(759, 'CZ-MO', 'Moravskoslezsk kraj', 57),
(760, 'CZ-OL', 'Olomouck kraj', 57),
(761, 'CZ-PA', 'Pardubick kraj', 57),
(762, 'CZ-PL', 'Plenzsk kraj', 57),
(763, 'CZ-PR', 'Praha, hlavni mesto', 57),
(764, 'CZ-ST', 'Stredocesk kraj', 57),
(765, 'CZ-US', 'Usteck kraj', 57),
(766, 'CZ-VY', 'Kraj Vyocina', 57),
(767, 'CZ-ZL', 'Zlinsk kraj', 57),
(768, 'DE-BB', 'Brandenburg', 80),
(769, 'DE-BE', 'Berlin', 80),
(770, 'DE-BW', 'Baden-Wrttemberg', 80),
(771, 'DE-BY', 'Bayern', 80),
(772, 'DE-HB', 'Bremen', 80),
(773, 'DE-HE', 'Hessen', 80),
(774, 'DE-HH', 'Hamburg', 80),
(775, 'DE-MV', 'Mecklenburg-Vorpommern', 80),
(776, 'DE-NI', 'Niedersachsen', 80),
(777, 'DE-NW', 'Nordrhein-Westfalen', 80),
(778, 'DE-RP', 'Rheinland-Pfalz', 80),
(779, 'DE-SH', 'Schleswig-Holstein', 80),
(780, 'DE-SL', 'Saarland', 80),
(781, 'DE-SN', 'Sachsen', 80),
(782, 'DE-ST', 'Sachsen-Anhalt', 80),
(783, 'DE-TH', 'Thringen', 80),
(784, 'DJ-AS', 'Ali Sabieh', 59),
(785, 'DJ-DI', 'Dikhil', 59),
(786, 'DJ-DJ', 'Djibouti', 59),
(787, 'DJ-OB', 'Obock', 59),
(788, 'DJ-TA', 'Tadjoura', 59),
(789, 'DK-015', 'Kbenhavn', 58),
(790, 'DK-020', 'Frederiksborg', 58),
(791, 'DK-025', 'Roskilde', 58),
(792, 'DK-030', 'Vestsjlland', 58),
(793, 'DK-035', 'Storstrm', 58),
(794, 'DK-040', 'Bornholm', 58),
(795, 'DK-042', 'Fyn', 58),
(796, 'DK-050', 'Snderjylland', 58),
(797, 'DK-055', 'Ribe', 58),
(798, 'DK-060', 'Vejle', 58),
(799, 'DK-065', 'Ringkbing', 58),
(800, 'DK-070', 'rhus', 58),
(801, 'DK-076', 'Viborg', 58),
(802, 'DK-080', 'Nordjylland', 58),
(803, 'DK-101', 'Kbenhavn', 58),
(804, 'DK-147', 'Frederiksberg', 58),
(805, 'DO-01', 'Distrito Nacional (Santo Domingo)', 61),
(806, 'DO-02', 'Azua', 61),
(807, 'DO-03', 'Bahoruco', 61),
(808, 'DO-04', 'Barahona', 61),
(809, 'DO-05', 'Dajabn', 61),
(810, 'DO-06', 'Duarte', 61),
(811, 'DO-07', 'La Estrelleta [Elas Pia]', 61),
(812, 'DO-08', 'El Seybo [El Seibo]', 61),
(813, 'DO-09', 'Espaillat', 61),
(814, 'DO-10', 'Independencia', 61),
(815, 'DO-11', 'La Altagracia', 61),
(816, 'DO-12', 'La Romana', 61),
(817, 'DO-13', 'La Vega', 61),
(818, 'DO-14', 'Mara Trinidad Snchez', 61),
(819, 'DO-15', 'Monte Cristi', 61),
(820, 'DO-16', 'Pedernales', 61),
(821, 'DO-17', 'Peravia', 61),
(822, 'DO-18', 'Puerto Plata', 61),
(823, 'DO-19', 'Salcedo', 61),
(824, 'DO-20', 'Saman', 61),
(825, 'DO-21', 'San Cristbal', 61),
(826, 'DO-22', 'San Juan', 61),
(827, 'DO-23', 'San Pedro de Macors', 61),
(828, 'DO-24', 'Snchez Ramrez', 61),
(829, 'DO-25', 'Santiago', 61),
(830, 'DO-26', 'Santiago Rodrguez', 61),
(831, 'DO-27', 'Valverde', 61),
(832, 'DO-28', 'Monseor Nouel', 61),
(833, 'DO-29', 'Monte Plata', 61),
(834, 'DO-30', 'Hato Mayor', 61),
(835, 'DZ-01', 'Adrar', 3),
(836, 'DZ-02', 'Chlef', 3),
(837, 'DZ-03', 'Laghouat', 3),
(838, 'DZ-04', 'Oum el Bouaghi', 3),
(839, 'DZ-05', 'Batna', 3),
(840, 'DZ-06', 'Bjaa', 3),
(841, 'DZ-07', 'Biskra', 3),
(842, 'DZ-08', 'Bchar', 3),
(843, 'DZ-09', 'Blida', 3),
(844, 'DZ-10', 'Bouira', 3),
(845, 'DZ-11', 'Tamanghasset', 3),
(846, 'DZ-12', 'Tbessa', 3),
(847, 'DZ-13', 'Tlemcen', 3),
(848, 'DZ-14', 'Tiaret', 3),
(849, 'DZ-15', 'Tizi Ouzou', 3),
(850, 'DZ-16', 'Alger', 3),
(851, 'DZ-17', 'Djelfa', 3),
(852, 'DZ-18', 'Jijel', 3),
(853, 'DZ-19', 'Stif', 3),
(854, 'DZ-20', 'Sada', 3),
(855, 'DZ-21', 'Skikda', 3),
(856, 'DZ-22', 'Sidi Bel Abbs', 3),
(857, 'DZ-23', 'Annaba', 3),
(858, 'DZ-24', 'Guelma', 3),
(859, 'DZ-25', 'Constantine', 3),
(860, 'DZ-26', 'Mda', 3),
(861, 'DZ-27', 'Mostaganem', 3),
(862, 'DZ-28', 'Msila', 3),
(863, 'DZ-29', 'Mascara', 3),
(864, 'DZ-30', 'Ouargla', 3),
(865, 'DZ-31', 'Oran', 3),
(866, 'DZ-32', 'El Bayadh', 3),
(867, 'DZ-33', 'Illizi', 3),
(868, 'DZ-34', 'Bordj Bou Arrridj', 3),
(869, 'DZ-35', 'Boumerds', 3),
(870, 'DZ-36', 'El Tarf', 3),
(871, 'DZ-37', 'Tindouf', 3),
(872, 'DZ-38', 'Tissemsilt', 3),
(873, 'DZ-39', 'El Oued', 3),
(874, 'DZ-40', 'Khenchela', 3),
(875, 'DZ-41', 'Souk Ahras', 3),
(876, 'DZ-42', 'Tipaza', 3),
(877, 'DZ-43', 'Mila', 3),
(878, 'DZ-44', 'An Defla', 3),
(879, 'DZ-45', 'Naama', 3),
(880, 'DZ-46', 'An Tmouchent', 3),
(881, 'DZ-47', 'Ghardaa', 3),
(882, 'DZ-48', 'Relizane', 3),
(883, 'EC-A', 'Azuay', 62),
(884, 'EC-B', 'Bolvar', 62),
(885, 'EC-C', 'Carchi', 62),
(886, 'EC-D', 'Orellana', 62),
(887, 'EC-E', 'Esmeraldas', 62),
(888, 'EC-F', 'Caar', 62),
(889, 'EC-G', 'Guayas', 62),
(890, 'EC-H', 'Chimborazo', 62),
(891, 'EC-I', 'Imbabura', 62),
(892, 'EC-L', 'Loja', 62),
(893, 'EC-M', 'Manab', 62),
(894, 'EC-N', 'Napo', 62),
(895, 'EC-O', 'El Oro', 62),
(896, 'EC-P', 'Pichincha', 62),
(897, 'EC-R', 'Los Ros', 62),
(898, 'EC-S', 'Morona-Santiago', 62),
(899, 'EC-T', 'Tungurahua', 62),
(900, 'EC-U', 'Sucumbos', 62),
(901, 'EC-W', 'Galpagos', 62),
(902, 'EC-X', 'Cotopaxi', 62),
(903, 'EC-Y', 'Pastaza', 62),
(904, 'EC-Z', 'Zamora-Chinchipe', 62),
(905, 'EE-37', 'Harjumaa', 67),
(906, 'EE-39', 'Hiiumaa', 67),
(907, 'EE-44', 'Ida-Virumaa', 67),
(908, 'EE-49', 'Jgevamaa', 67),
(909, 'EE-51', 'Jrvamaa', 67),
(910, 'EE-57', 'Lnemaa', 67),
(911, 'EE-59', 'Lne-Virumaa', 67),
(912, 'EE-65', 'Plvamaa', 67),
(913, 'EE-67', 'Prnumaa', 67),
(914, 'EE-70', 'Raplamaa', 67),
(915, 'EE-74', 'Saaremaa', 67),
(916, 'EE-78', 'Tartumaa', 67),
(917, 'EE-82', 'Valgamaa', 67),
(918, 'EE-84', 'Viljandimaa', 67),
(919, 'EE-86', 'Vrumaa', 67),
(920, 'EG-ALX', 'Al Iskandariyah', 63),
(921, 'EG-ASN', 'Aswan', 63),
(922, 'EG-AST', 'Asyut', 63),
(923, 'EG-BA', 'Al Bahr al Ahmar', 63),
(924, 'EG-BH', 'Al Buhayrah', 63),
(925, 'EG-BNS', 'Banl Suwayf', 63),
(926, 'EG-C', 'Al Qahirah', 63),
(927, 'EG-DK', 'Ad Daqahliyah', 63),
(928, 'EG-DT', 'Dumyat', 63),
(929, 'EG-FYM', 'Al Fayyum', 63),
(930, 'EG-GH', 'Al Gharbiyah', 63),
(931, 'EG-GZ', 'Al Jizah', 63),
(932, 'EG-IS', 'Al Ismailiyah', 63),
(933, 'EG-JS', 'Janub Sina', 63),
(934, 'EG-KB', 'Al Qalyubiyah', 63),
(935, 'EG-KFS', 'Kafr ash Shaykh', 63),
(936, 'EG-KN', 'Qina', 63),
(937, 'EG-MN', 'Al Minya', 63),
(938, 'EG-MNF', 'Al Minufiyah', 63),
(939, 'EG-MT', 'Matruh', 63),
(940, 'EG-PTS', 'Bur Said', 63),
(941, 'EG-SHG', 'Suhaj', 63),
(942, 'EG-SHR', 'Ash Sharqiyah', 63),
(943, 'EG-SIN', 'Shamal Sina', 63),
(944, 'EG-SUZ', 'As Suways', 63),
(945, 'EG-WAD', 'Al Wadi al Jadid', 63),
(946, 'ER-AN', 'Anseba', 66),
(947, 'ER-DK', 'Debubawi Keyih Bahri [Debub-Keih-Bahri]', 66),
(948, 'ER-DU', 'Debub', 66),
(949, 'ER-GB', 'Gash-Barka', 66),
(950, 'ER-MA', 'Maakel [Maekel]', 66),
(951, 'ER-SK', 'Semenawi Keyih Bahri [Semien-Keih-Bahri]', 66),
(952, 'ES-A', 'Alicante VC', 199),
(953, 'ES-AB', 'Albacete CM', 199),
(954, 'ES-AL', 'Almera AN', 199),
(955, 'ES-AN', 'Andaluca', 199),
(956, 'ES-AR', 'Aragn', 199),
(957, 'ES-AV', 'vila CL', 199),
(958, 'ES-B', 'Barcelona CT', 199),
(959, 'ES-BA', 'Badajoz EX', 199),
(960, 'ES-BI', 'Vizcaya PV', 199),
(961, 'ES-BU', 'Burgos CL', 199),
(962, 'ES-C', 'A Corua GA', 199),
(963, 'ES-CA', 'Cdiz AN', 199),
(964, 'ES-CC', 'Cceres EX', 199),
(965, 'ES-CE', 'Ceuta', 199),
(966, 'ES-CL', 'Castilla y Len', 199),
(967, 'ES-CM', 'Castilla-La Mancha', 199),
(968, 'ES-CN', 'Canarias', 199),
(969, 'ES-CO', 'Crdoba AN', 199),
(970, 'ES-CR', 'Ciudad Real CM', 199),
(971, 'ES-CS', 'Castelln VC', 199),
(972, 'ES-CT', 'Catalua', 199),
(973, 'ES-CU', 'Cuenca CM', 199),
(974, 'ES-EX', 'Extremadura', 199),
(975, 'ES-GA', 'Galicia', 199),
(976, 'ES-GC', 'Las Palmas CN', 199),
(977, 'ES-GI', 'Girona CT', 199),
(978, 'ES-GR', 'Granada AN', 199),
(979, 'ES-GU', 'Guadalajara CM', 199),
(980, 'ES-H', 'Huelva AN', 199),
(981, 'ES-HU', 'Huesca AR', 199),
(982, 'ES-J', 'Jan AN', 199),
(983, 'ES-L', 'Lleida CT', 199),
(984, 'ES-LE', 'Len CL', 199),
(985, 'ES-LO', 'La Rioja', 199),
(986, 'ES-LU', 'Lugo GA', 199),
(987, 'ES-M', 'Madrid, Communidad de', 199),
(988, 'ES-MA', 'Mlaga AN', 199),
(989, 'ES-ML', 'Melilla', 199),
(990, 'ES-MU', 'Murcia, Regin de', 199),
(991, 'ES-NA', 'Navarra, Comunidad Foral de', 199),
(992, 'ES-O', 'Asturias, Principado de', 199),
(993, 'ES-OR', 'Ourense GA', 199),
(994, 'ES-P', 'Palencia CL', 199),
(995, 'ES-PM', 'Baleares IB', 199),
(996, 'ES-PO', 'Pontevedra GA', 199),
(997, 'ES-PV', 'Pas Vasco', 199),
(998, 'ES-S', 'Cantabria', 199),
(999, 'ES-SA', 'Salamanca CL', 199),
(1000, 'ES-SE', 'Sevilla AN', 199),
(1001, 'ES-SG', 'Segovia CL', 199),
(1002, 'ES-SO', 'Soria CL', 199),
(1003, 'ES-SS', 'Guipzcoa PV', 199),
(1004, 'ES-T', 'Tarragona CT', 199),
(1005, 'ES-TE', 'Teruel AR', 199),
(1006, 'ES-TF', 'Santa Cruz De Tenerife CN', 199),
(1007, 'ES-TO', 'Toledo CM', 199),
(1008, 'ES-V', 'Valencia, Communidad', 199),
(1009, 'ES-VA', 'Valladolid CL', 199),
(1010, 'ES-VC', 'Valenciana, Comunidad', 199),
(1011, 'ES-VI', 'lava PV', 199),
(1012, 'ES-Z', 'Zaragoza AR', 199),
(1013, 'ES-ZA', 'Zamora CL', 199),
(1014, 'ET-AA', 'Addis Ababa [Adis Abeba]', 68),
(1015, 'ET-AF', 'Afar [Afar]', 68),
(1016, 'ET-AM', 'Amara [Amara]', 68),
(1017, 'ET-BE', 'Benshangul-Gumaz [Binshangul Gumuz]', 68),
(1018, 'ET-DD', 'Dire Dawa [Dire Dawa]', 68),
(1019, 'ET-GA', 'Gambela Peoples [Gambla Hizboch]', 68),
(1020, 'ET-HA', 'Harari People [Hareri Hizb]', 68),
(1021, 'ET-OR', 'Oromia [Oromiya]', 68),
(1022, 'ET-SN', 'Southern Nations, Nationalities and Peoples [YeDubub Biheroch Bihereseboch na Hizboch]', 68),
(1023, 'ET-SO', 'Somali [Somale]', 68),
(1024, 'ET-TI', 'Tigrai [Tigray]', 68),
(1025, 'FI-AL', 'Ahvenanmaan lni (fi), lands ln (sv)', 72),
(1026, 'FI-ES', 'Etel-Suomen lni (fi), Sdra Finlands ln (sv)', 72),
(1027, 'FI-IS', 'It-Suomen lni (fi), stra Finlands ln (sv)', 72),
(1028, 'FI-LL', 'Lapin lni (fi), Lapplands ln (sv)', 72),
(1029, 'FI-LS', 'Lnsi-Suomen lni (fi), Vstra Finlands ln (sv)', 72),
(1030, 'FI-OL', 'Oulun lni (fi), Uleborgs ln (sv)', 72),
(1031, 'FJ-C', 'Central', 71),
(1032, 'FJ-E', 'Eastern', 71),
(1033, 'FJ-N', 'Northern', 71),
(1034, 'FJ-R', 'Rotuma', 71),
(1035, 'FJ-W', 'Western', 71),
(1036, 'FM-KSA', 'Kosrae', 139),
(1037, 'FM-PNI', 'Pohnpei', 139),
(1038, 'FM-TRK', 'Chuuk', 139),
(1039, 'FM-YAP', 'Yap', 139),
(1040, 'FR-01', 'Ain V', 73),
(1041, 'FR-02', 'Aisne S', 73),
(1042, 'FR-03', 'Allier C', 73),
(1043, 'FR-04', 'Alpes-de-Haute-Provence U', 73),
(1044, 'FR-05', 'Hautes-Alpes U', 73),
(1045, 'FR-06', 'Alpes-Maritimes U', 73),
(1046, 'FR-07', 'Ardche V', 73),
(1047, 'FR-08', 'Ardennes G', 73),
(1048, 'FR-09', 'Arige N', 73),
(1049, 'FR-10', 'Aube G', 73),
(1050, 'FR-11', 'Aude K', 73),
(1051, 'FR-12', 'Aveyron N', 73),
(1052, 'FR-13', 'Bouches-du-Rhne U', 73),
(1053, 'FR-14', 'Calvados P', 73),
(1054, 'FR-15', 'Cantal C', 73),
(1055, 'FR-16', 'Charente T', 73),
(1056, 'FR-17', 'Charente-Maritime T', 73),
(1057, 'FR-18', 'Cher F', 73),
(1058, 'FR-19', 'Corrze L', 73),
(1059, 'FR-21', 'Cte-d\'Or D', 73),
(1060, 'FR-22', 'Ctes-d\'Armor E', 73),
(1061, 'FR-23', 'Creuse L', 73),
(1062, 'FR-24', 'Dordogne B', 73),
(1063, 'FR-25', 'Doubs I', 73),
(1064, 'FR-26', 'Drme V', 73),
(1065, 'FR-27', 'Eure Q', 73),
(1066, 'FR-28', 'Eure-et-Loir F', 73),
(1067, 'FR-29', 'Finistre E', 73),
(1068, 'FR-2A', 'Corse-du-Sud H', 73),
(1069, 'FR-2B', 'Haute-Corse H', 73),
(1070, 'FR-30', 'Gard K', 73),
(1071, 'FR-31', 'Haute-Garonne N', 73),
(1072, 'FR-32', 'Gers N', 73),
(1073, 'FR-33', 'Gironde B', 73),
(1074, 'FR-34', 'Hrault K', 73),
(1075, 'FR-35', 'Ille-et-Vilaine E', 73),
(1076, 'FR-36', 'Indre F', 73),
(1077, 'FR-37', 'Indre-et-Loire F', 73),
(1078, 'FR-38', 'Isre V', 73),
(1079, 'FR-39', 'Jura I', 73),
(1080, 'FR-40', 'Landes B', 73),
(1081, 'FR-41', 'Loir-et-Cher F', 73),
(1082, 'FR-42', 'Loire V', 73),
(1083, 'FR-43', 'Haute-Loire C', 73),
(1084, 'FR-44', 'Loire-Atlantique R', 73),
(1085, 'FR-45', 'Loiret F', 73),
(1086, 'FR-46', 'Lot N', 73),
(1087, 'FR-47', 'Lot-et-Garonne B', 73),
(1088, 'FR-48', 'Lozre K', 73),
(1089, 'FR-49', 'Maine-et-Loire R', 73),
(1090, 'FR-50', 'Manche P', 73),
(1091, 'FR-51', 'Marne G', 73),
(1092, 'FR-52', 'Haute-Marne G', 73),
(1093, 'FR-53', 'Mayenne R', 73),
(1094, 'FR-54', 'Meurthe-et-Moselle M', 73),
(1095, 'FR-55', 'Meuse M', 73),
(1096, 'FR-56', 'Morbihan E', 73),
(1097, 'FR-57', 'Moselle M', 73),
(1098, 'FR-58', 'Nivre D', 73),
(1099, 'FR-59', 'Nord O', 73),
(1100, 'FR-60', 'Oise S', 73),
(1101, 'FR-61', 'Orne P', 73),
(1102, 'FR-62', 'Pas-de-Calais O', 73),
(1103, 'FR-63', 'Puy-de-Dme C', 73),
(1104, 'FR-64', 'Pyrnes-Atlantiques B', 73),
(1105, 'FR-65', 'Hautes-Pyrnes N', 73),
(1106, 'FR-66', 'Pyrnes-Orientales K', 73),
(1107, 'FR-67', 'Bas-Rhin A', 73),
(1108, 'FR-68', 'Haut-Rhin A', 73),
(1109, 'FR-69', 'Rhne V', 73),
(1110, 'FR-70', 'Haute-Sane I', 73),
(1111, 'FR-71', 'Sane-et-Loire D', 73),
(1112, 'FR-72', 'Sarthe R', 73),
(1113, 'FR-73', 'Savoie V', 73),
(1114, 'FR-74', 'Haute-Savoie V', 73),
(1115, 'FR-75', 'Paris J', 73),
(1116, 'FR-76', 'Seine-Maritime Q', 73),
(1117, 'FR-77', 'Seine-et-Marne J', 73),
(1118, 'FR-78', 'Yvelines J', 73),
(1119, 'FR-79', 'Deux-Svres T', 73),
(1120, 'FR-80', 'Somme S', 73),
(1121, 'FR-81', 'Tarn N', 73),
(1122, 'FR-82', 'Tarn-et-Garonne N', 73),
(1123, 'FR-83', 'Var U', 73),
(1124, 'FR-84', 'Vaucluse U', 73),
(1125, 'FR-85', 'Vende R', 73),
(1126, 'FR-86', 'Vienne T', 73),
(1127, 'FR-87', 'Haute-Vienne L', 73),
(1128, 'FR-88', 'Vosges M', 73),
(1129, 'FR-89', 'Yonne D', 73),
(1130, 'FR-90', 'Territoire de Belfort I', 73),
(1131, 'FR-91', 'Essonne J', 73),
(1132, 'FR-92', 'Hauts-de-Seine J', 73),
(1133, 'FR-93', 'Seine-Saint-Denis J', 73),
(1134, 'FR-94', 'Val-de-Marne J', 73),
(1135, 'FR-95', 'Val-d\'Oise J', 73),
(1136, 'FR-A', 'Alsace', 73),
(1137, 'FR-B', 'Aquitaine', 73),
(1138, 'FR-C', 'Auvergne', 73),
(1139, 'FR-D', 'Bourgogne', 73),
(1140, 'FR-E', 'Bretagne', 73),
(1141, 'FR-F', 'Centre', 73),
(1142, 'FR-G', 'Champagne-Ardenne', 73),
(1143, 'FR-GF', 'Guyane (franaise)', 73),
(1144, 'FR-GP', 'Guadeloupe', 73),
(1145, 'FR-H', 'Corse', 73),
(1146, 'FR-I', 'Franche-Comt', 73),
(1147, 'FR-J', 'le-de-France', 73),
(1148, 'FR-K', 'Languedoc-Roussillon', 73),
(1149, 'FR-L', 'Limousin', 73),
(1150, 'FR-M', 'Lorraine', 73),
(1151, 'FR-MQ', 'Martinique', 73),
(1152, 'FR-N', 'Midi-Pyrnes', 73),
(1153, 'FR-NC', 'Nouvelle-Caldonie', 73),
(1154, 'FR-O', 'Nord-Pas-de-Calais', 73),
(1155, 'FR-P', 'Basse-Normandie', 73),
(1156, 'FR-PF', 'Polynsie franaise', 73),
(1157, 'FR-PM', 'Saint-Pierre-et-Miquelon', 73),
(1158, 'FR-Q', 'Haute-Normandie', 73),
(1159, 'FR-R', 'Pays de la Loire', 73),
(1160, 'FR-RE', 'Runion', 73),
(1161, 'FR-S', 'Picardie', 73),
(1162, 'FR-T', 'Poitou-Charentes', 73),
(1163, 'FR-TF', 'Terres Australes Franaises', 73),
(1164, 'FR-U', 'Provence-Alpes-Cte d\'Azur', 73),
(1165, 'FR-V', 'Rhne-Alpes', 73),
(1166, 'FR-WF', 'Wallis et Futuna', 73),
(1167, 'FR-YT', 'Mayotte', 73),
(1168, 'GA-1', 'Estuaire', 77),
(1169, 'GA-2', 'Haut-Ogoou', 77),
(1170, 'GA-3', 'Moyen-Ogoou', 77),
(1171, 'GA-4', 'Ngouni', 77),
(1172, 'GA-5', 'Nyanga', 77),
(1173, 'GA-6', 'Ogoou-Ivindo', 77),
(1174, 'GA-7', 'Ogoou-Lolo', 77),
(1175, 'GA-8', 'Ogoou-Maritime', 77),
(1176, 'GA-9', 'Woleu-Ntem', 77),
(1177, 'GB-ABD', 'Aberdeenshire SCT', 225),
(1178, 'GB-ABE', 'Aberdeen City SCT', 225),
(1179, 'GB-AGB', 'Argyll and Bute SCT', 225),
(1180, 'GB-AGY', 'Isle of Anglesey [Sir Ynys Mn GB-YNM] WLS', 225),
(1181, 'GB-ANS', 'Angus SCT', 225),
(1182, 'GB-ANT', 'Antrim NIR', 225),
(1183, 'GB-ARD', 'Ards NIR', 225),
(1184, 'GB-ARM', 'Armagh NIR', 225),
(1185, 'GB-BAS', 'Bath and North East Somerset ENG', 225),
(1186, 'GB-BBD', 'Blackburn with Darwen ENG', 225),
(1187, 'GB-BDF', 'Bedfordshire ENG', 225),
(1188, 'GB-BDG', 'Barking and Dagenham ENG', 225),
(1189, 'GB-BEN', 'Brent ENG', 225),
(1190, 'GB-BEX', 'Bexley ENG', 225),
(1191, 'GB-BFS', 'Belfast NIR', 225),
(1192, 'GB-BGE', 'Bridgend [Pen-y-bont ar Ogwr GB-POG] WLS', 225),
(1193, 'GB-BGW', 'Blaenau Gwent WLS', 225),
(1194, 'GB-BIR', 'Birmingham ENG', 225),
(1195, 'GB-BKM', 'Buckinghamshire ENG', 225),
(1196, 'GB-BLA', 'Ballymena NIR', 225),
(1197, 'GB-BLY', 'Ballymoney NIR', 225),
(1198, 'GB-BMH', 'Bournemouth ENG', 225),
(1199, 'GB-BNB', 'Banbridge NIR', 225),
(1200, 'GB-BNE', 'Barnet ENG', 225),
(1201, 'GB-BNH', 'Brighton and Hove ENG', 225),
(1202, 'GB-BNS', 'Barnsley ENG', 225),
(1203, 'GB-BOL', 'Bolton ENG', 225),
(1204, 'GB-BPL', 'Blackpool ENG', 225),
(1205, 'GB-BRC', 'Bracknell Forest ENG', 225),
(1206, 'GB-BRD', 'Bradford ENG', 225),
(1207, 'GB-BRY', 'Bromley ENG', 225),
(1208, 'GB-BST', 'Bristol, City of ENG', 225),
(1209, 'GB-BUR', 'Bury ENG', 225),
(1210, 'GB-CAM', 'Cambridgeshire ENG', 225),
(1211, 'GB-CAY', 'Caerphilly [Caerffili GB-CAF] WLS', 225),
(1212, 'GB-CGN', 'Ceredigion [Sir Ceredigion] WLS', 225),
(1213, 'GB-CGV', 'Craigavon NIR', 225),
(1214, 'GB-CHA', 'Channel Islands', 225),
(1215, 'GB-CHS', 'Cheshire ENG', 225),
(1216, 'GB-CKF', 'Carrickfergus NIR', 225),
(1217, 'GB-CKT', 'Cookstown NIR', 225),
(1218, 'GB-CLD', 'Calderdale ENG', 225),
(1219, 'GB-CLK', 'Clackmannanshire SCT', 225),
(1220, 'GB-CLR', 'Coleraine NIR', 225),
(1221, 'GB-CMA', 'Cumbria ENG', 225),
(1222, 'GB-CMD', 'Camden ENG', 225),
(1223, 'GB-CMN', 'Carmarthenshire [Sir Gaerfyrddin WLS GB-GFY]', 225),
(1224, 'GB-CON', 'Cornwall ENG', 225),
(1225, 'GB-COV', 'Coventry ENG', 225),
(1226, 'GB-CRF', 'Cardiff [Caerdydd GB-CRD] WLS', 225),
(1227, 'GB-CRY', 'Croydon ENG', 225),
(1228, 'GB-CSR', 'Castlereagh NIR', 225),
(1229, 'GB-CWY', 'Conwy WLS', 225),
(1230, 'GB-DAL', 'Darlington ENG', 225),
(1231, 'GB-DBY', 'Derbyshire ENG', 225),
(1232, 'GB-DEN', 'Denbighshire [Sir Ddinbych GB-DDB] WLS', 225),
(1233, 'GB-DER', 'Derby ENG', 225),
(1234, 'GB-DEV', 'Devon ENG', 225),
(1235, 'GB-DGN', 'Dungannon NIR', 225),
(1236, 'GB-DGY', 'Dumfries and Galloway SCT', 225),
(1237, 'GB-DNC', 'Doncaster ENG', 225),
(1238, 'GB-DND', 'Dundee City SCT', 225),
(1239, 'GB-DOR', 'Dorset ENG', 225),
(1240, 'GB-DOW', 'Down NIR', 225),
(1241, 'GB-DRY', 'Derry NIR', 225),
(1242, 'GB-DUD', 'Dudley ENG', 225),
(1243, 'GB-DUR', 'Durham ENG', 225),
(1244, 'GB-EAL', 'Ealing ENG', 225),
(1245, 'GB-EAW', 'England and Wales', 225),
(1246, 'GB-EAY', 'East Ayrshire SCT', 225),
(1247, 'GB-EDH', 'Edinburgh, City of SCT', 225),
(1248, 'GB-EDU', 'East Dunbartonshire SCT', 225),
(1249, 'GB-ELN', 'East Lothian SCT', 225),
(1250, 'GB-ELS', 'Eilean Siar SCT', 225),
(1251, 'GB-ENF', 'Enfield ENG', 225),
(1252, 'GB-ENG', 'England', 225),
(1253, 'GB-ERW', 'East Renfrewshire SCT', 225),
(1254, 'GB-ERY', 'East Riding of Yorkshire ENG', 225),
(1255, 'GB-ESS', 'Essex ENG', 225),
(1256, 'GB-ESX', 'East Sussex ENG', 225),
(1257, 'GB-FAL', 'Falkirk SCT', 225),
(1258, 'GB-FER', 'Fermanagh NIR', 225),
(1259, 'GB-FIF', 'Fife SCT', 225),
(1260, 'GB-FLN', 'Flintshire [Sir y Fflint GB-FFL] WLS', 225),
(1261, 'GB-GAT', 'Gateshead ENG', 225),
(1262, 'GB-GBN', 'Great Britain', 225),
(1263, 'GB-GLG', 'Glasgow City SCT', 225),
(1264, 'GB-GLS', 'Gloucestershire ENG', 225),
(1265, 'GB-GRE', 'Greenwich ENG', 225),
(1266, 'GB-GSY', 'Guernsey [Guernesey] CHA', 225),
(1267, 'GB-GWN', 'Gwynedd WLS', 225),
(1268, 'GB-HAL', 'Halton ENG', 225),
(1269, 'GB-HAM', 'Hampshire ENG', 225),
(1270, 'GB-HAV', 'Havering ENG', 225),
(1271, 'GB-HCK', 'Hackney ENG', 225),
(1272, 'GB-HEF', 'Herefordshire, County of ENG', 225),
(1273, 'GB-HIL', 'Hillingdon ENG', 225),
(1274, 'GB-HLD', 'Highland SCT', 225),
(1275, 'GB-HMF', 'Hammersmith and Fulham ENG', 225),
(1276, 'GB-HNS', 'Hounslow ENG', 225),
(1277, 'GB-HPL', 'Hartlepool ENG', 225),
(1278, 'GB-HRT', 'Hertfordshire ENG', 225),
(1279, 'GB-HRW', 'Harrow ENG', 225),
(1280, 'GB-HRY', 'Haringey ENG', 225),
(1281, 'GB-IOM', 'Isle of Man', 225),
(1282, 'GB-IOS', 'Isles of Scilly ENG', 225),
(1283, 'GB-IOW', 'Isle of Wight ENG', 225),
(1284, 'GB-ISL', 'Islington ENG', 225),
(1285, 'GB-IVC', 'Inverclyde SCT', 225),
(1286, 'GB-JSY', 'Jersey CHA', 225),
(1287, 'GB-KEC', 'Kensington and Chelsea ENG', 225),
(1288, 'GB-KEN', 'Kent ENG', 225),
(1289, 'GB-KHL', 'Kingston upon Hull, City of ENG', 225),
(1290, 'GB-KIR', 'Kirklees ENG', 225),
(1291, 'GB-KTT', 'Kingston upon Thames ENG', 225),
(1292, 'GB-KWL', 'Knowsley ENG', 225),
(1293, 'GB-LAN', 'Lancashire ENG', 225),
(1294, 'GB-LBH', 'Lambeth ENG', 225),
(1295, 'GB-LCE', 'Leicester (City of) ENG', 225),
(1296, 'GB-LDS', 'Leeds ENG', 225),
(1297, 'GB-LEC', 'Leicester ENG', 225),
(1298, 'GB-LEW', 'Lewisham ENG', 225),
(1299, 'GB-LIN', 'Lincolnshire ENG', 225),
(1300, 'GB-LIV', 'Liverpool ENG', 225),
(1301, 'GB-LMV', 'Limavady NIR', 225),
(1302, 'GB-LND', 'London, City of ENG', 225),
(1303, 'GB-LRN', 'Larne NIR', 225),
(1304, 'GB-LSB', 'Lisburn NIR', 225),
(1305, 'GB-LUT', 'Luton ENG', 225),
(1306, 'GB-MAN', 'Manchester ENG', 225),
(1307, 'GB-MDB', 'Middlesbrough ENG', 225),
(1308, 'GB-MDW', 'Medway ENG', 225),
(1309, 'GB-MFT', 'Magherafelt NIR', 225),
(1310, 'GB-MIK', 'Milton Keynes ENG', 225),
(1311, 'GB-MLN', 'Midlothian SCT', 225),
(1312, 'GB-MON', 'Monmouthshire [Sir Fynwy GB-FYN] WLS', 225),
(1313, 'GB-MRT', 'Merton ENG', 225),
(1314, 'GB-MRY', 'Moray SCT', 225),
(1315, 'GB-MTY', 'Merthyr Tydfil [Merthyr Tudful GB-MTU] WLS', 225),
(1316, 'GB-MYL', 'Moyle NIR', 225),
(1317, 'GB-NAY', 'North Ayrshire SCT', 225),
(1318, 'GB-NBL', 'Northumberland ENG', 225),
(1319, 'GB-NDN', 'North Down NIR', 225),
(1320, 'GB-NEL', 'North East Lincolnshire ENG', 225),
(1321, 'GB-NET', 'Newcastle upon Tyne ENG', 225),
(1322, 'GB-NFK', 'Norfolk ENG', 225),
(1323, 'GB-NGM', 'Nottingham ENG', 225),
(1324, 'GB-NIR', 'Northern Ireland', 225),
(1325, 'GB-NLK', 'North Lanarkshire SCT', 225),
(1326, 'GB-NLN', 'North Lincolnshire ENG', 225),
(1327, 'GB-NSM', 'North Somerset ENG', 225),
(1328, 'GB-NTA', 'Newtownabbey NIR', 225),
(1329, 'GB-NTH', 'Northamptonshire ENG', 225),
(1330, 'GB-NTL', 'Neath Port Talbot [Castell-nedd Port WLS Talbot GB-CTL]', 225),
(1331, 'GB-NTT', 'Nottinghamshire ENG', 225),
(1332, 'GB-NTY', 'North Tyneside ENG', 225),
(1333, 'GB-NWM', 'Newham ENG', 225),
(1334, 'GB-NWP', 'Newport [Casnewydd GB-CNW] WLS', 225),
(1335, 'GB-NYK', 'North Yorkshire ENG', 225),
(1336, 'GB-NYM', 'Newry and Mourne NIR', 225),
(1337, 'GB-OLD', 'Oldham ENG', 225),
(1338, 'GB-OMH', 'Omagh NIR', 225),
(1339, 'GB-ORK', 'Orkney Islands SCT', 225),
(1340, 'GB-OXF', 'Oxfordshire ENG', 225),
(1341, 'GB-PEM', 'Pembrokeshire [Sir Benfro GB-BNF] WLS', 225),
(1342, 'GB-PKN', 'Perth and Kinross SCT', 225),
(1343, 'GB-PLY', 'Plymouth ENG', 225),
(1344, 'GB-POL', 'Poole ENG', 225),
(1345, 'GB-POR', 'Portsmouth ENG', 225),
(1346, 'GB-POW', 'Powys WLS', 225),
(1347, 'GB-PTE', 'Peterborough ENG', 225),
(1348, 'GB-RCC', 'Redcar and Cleveland ENG', 225),
(1349, 'GB-RCH', 'Rochdale ENG', 225),
(1350, 'GB-RCT', 'Rhondda, Cynon, Taff [Rhondda, Cynon, WLS Taf]', 225),
(1351, 'GB-RDB', 'Redbridge ENG', 225),
(1352, 'GB-RDG', 'Reading ENG', 225),
(1353, 'GB-RFW', 'Renfrewshire SCT', 225),
(1354, 'GB-RIC', 'Richmond upon Thames ENG', 225),
(1355, 'GB-ROT', 'Rotherham ENG', 225),
(1356, 'GB-RUT', 'Rutland ENG', 225),
(1357, 'GB-SAW', 'Sandwell ENG', 225),
(1358, 'GB-SAY', 'South Ayrshire SCT', 225),
(1359, 'GB-SCB', 'Scottish Borders, The SCT', 225),
(1360, 'GB-SCT', 'Scotland', 225),
(1361, 'GB-SFK', 'Suffolk ENG', 225),
(1362, 'GB-SFT', 'Sefton ENG', 225),
(1363, 'GB-SGC', 'South Gloucestershire ENG', 225),
(1364, 'GB-SHF', 'Sheffield ENG', 225),
(1365, 'GB-SHN', 'St. Helens ENG', 225),
(1366, 'GB-SHR', 'Shropshire ENG', 225),
(1367, 'GB-SKP', 'Stockport ENG', 225),
(1368, 'GB-SLF', 'Salford ENG', 225),
(1369, 'GB-SLG', 'Slough ENG', 225),
(1370, 'GB-SLK', 'South Lanarkshire SCT', 225),
(1371, 'GB-SND', 'Sunderland ENG', 225),
(1372, 'GB-SOL', 'Solihull ENG', 225),
(1373, 'GB-SOM', 'Somerset ENG', 225),
(1374, 'GB-SOS', 'Southend-on-Sea ENG', 225),
(1375, 'GB-SRY', 'Surrey ENG', 225),
(1376, 'GB-STB', 'Strabane NIR', 225),
(1377, 'GB-STE', 'Stoke-on-Trent ENG', 225),
(1378, 'GB-STG', 'Stirling SCT', 225),
(1379, 'GB-STH', 'Southampton ENG', 225),
(1380, 'GB-STN', 'Sutton ENG', 225),
(1381, 'GB-STS', 'Staffordshire ENG', 225),
(1382, 'GB-STT', 'Stockton-on-Tees ENG', 225),
(1383, 'GB-STY', 'South Tyneside ENG', 225),
(1384, 'GB-SWA', 'Swansea [Abertawe GB-ATA] WLS', 225),
(1385, 'GB-SWD', 'Swindon ENG', 225),
(1386, 'GB-SWK', 'Southwark ENG', 225),
(1387, 'GB-TAM', 'Tameside ENG', 225),
(1388, 'GB-TFW', 'Telford and Wrekin ENG', 225),
(1389, 'GB-THR', 'Thurrock ENG', 225),
(1390, 'GB-TOB', 'Torbay ENG', 225),
(1391, 'GB-TOF', 'Torfaen [Tor-faen] WLS', 225),
(1392, 'GB-TRF', 'Trafford ENG', 225),
(1393, 'GB-TWH', 'Tower Hamlets ENG', 225),
(1394, 'GB-UKM', 'United Kingdom', 225),
(1395, 'GB-VGL', 'Vale of Glamorgan, The WLS [Bro Morgannwg GB-BMG]', 225),
(1396, 'GB-WAR', 'Warwickshire ENG', 225),
(1397, 'GB-WBK', 'West Berkshire ENG', 225),
(1398, 'GB-WDU', 'West Dunbartonshire SCT', 225),
(1399, 'GB-WFT', 'Waltham Forest ENG', 225),
(1400, 'GB-WGN', 'Wigan ENG', 225),
(1401, 'GB-WILL', 'Wiltshire ENG', 225),
(1402, 'GB-WKF', 'Wakefield ENG', 225),
(1403, 'GB-WLL', 'Walsall ENG', 225),
(1404, 'GB-WLN', 'West Lothian SCT', 225),
(1405, 'GB-WLS', 'Wales [Cymru GB-CYM]', 225),
(1406, 'GB-WLV', 'Wolverhampton ENG', 225),
(1407, 'GB-WND', 'Wandsworth ENG', 225),
(1408, 'GB-WNM', 'Windsor and Maidenhead ENG', 225),
(1409, 'GB-WOK', 'Wokingham ENG', 225),
(1410, 'GB-WOR', 'Worcestershire ENG', 225),
(1411, 'GB-WRL', 'Wirral ENG', 225),
(1412, 'GB-WRT', 'Warrington ENG', 225),
(1413, 'GB-WRX', 'Wrexham [Wrecsam GB-WRC] WLS', 225),
(1414, 'GB-WSM', 'Westminster ENG', 225),
(1415, 'GB-WSX', 'West Sussex ENG', 225),
(1416, 'GB-YOR', 'York ENG', 225),
(1417, 'GB-ZET', 'Shetland Islands SCT', 225),
(1418, 'GE-AB', 'Abkhazia', 79),
(1419, 'GE-AJ', 'Ajaria', 79),
(1420, 'GE-GU', 'Guria', 79),
(1421, 'GE-IM', 'Imereti', 79),
(1422, 'GE-KA', 'Kakheti', 79),
(1423, 'GE-KK', 'Kverno Kartli', 79),
(1424, 'GE-MM', 'Mtskheta-Mtianeti', 79),
(1425, 'GE-RL', 'Racha-Lechkhumi [and] Kvemo Svaneti', 79),
(1426, 'GE-SJ', 'Samtskhe-Javakheti', 79),
(1427, 'GE-SK', 'Shida Kartli', 79),
(1428, 'GE-SZ', 'Samegrelo-Zemo Svaneti', 79),
(1429, 'GE-TB', 'Tbilisi', 79),
(1430, 'GH-AA', 'Greater Accra', 81),
(1431, 'GH-AH', 'Ashanti', 81),
(1432, 'GH-BA', 'Brong-Ahafo', 81),
(1433, 'GH-CP', 'Central', 81),
(1434, 'GH-EP', 'Eastern', 81);
INSERT INTO `tblprovince` (`pkstateid`, `idiso`, `nmname`, `fkcountryid`) VALUES
(1435, 'GH-NP', 'Northern', 81),
(1436, 'GH-TV', 'Volta', 81),
(1437, 'GH-UE', 'Upper East', 81),
(1438, 'GH-UW', 'Upper West', 81),
(1439, 'GH-WP', 'Western', 81),
(1440, 'GM-B', 'Banjul', 78),
(1441, 'GM-L', 'Lower River', 78),
(1442, 'GM-M', 'MacCarthy Island', 78),
(1443, 'GM-N', 'North Bank', 78),
(1444, 'GM-U', 'Upper River', 78),
(1445, 'GM-W', 'Western', 78),
(1446, 'GN-B', 'Bok, Gouvernorat de', 89),
(1447, 'GN-BE', 'Beyla N', 89),
(1448, 'GN-BF', 'Boffa B', 89),
(1449, 'GN-BK', 'Bok B', 89),
(1450, 'GN-C', 'Conakry', 89),
(1451, 'GN-CO', 'Coyah D', 89),
(1452, 'GN-D', 'Kindia, Gouvernorat de', 89),
(1453, 'GN-DB', 'Dabola F', 89),
(1454, 'GN-DI', 'Dinguiraye F', 89),
(1455, 'GN-DL', 'Dalaba M', 89),
(1456, 'GN-DU', 'Dubrka D', 89),
(1457, 'GN-F', 'Faranah, Gouvernorat de', 89),
(1458, 'GN-FA', 'Faranah F', 89),
(1459, 'GN-FO', 'Forcariah D', 89),
(1460, 'GN-FR', 'Fria B', 89),
(1461, 'GN-GA', 'Gaoual B', 89),
(1462, 'GN-GU', 'Gukdou N', 89),
(1463, 'GN-K', 'Kankan, Gouvernorat de', 89),
(1464, 'GN-KA', 'Kankan K', 89),
(1465, 'GN-KB', 'Koubia L', 89),
(1466, 'GN-KD; 2', 'Kindia D', 89),
(1467, 'GN-KE', 'Krouan K', 89),
(1468, 'GN-KN', 'Koundara B', 89),
(1469, 'GN-KO', 'Kouroussa K', 89),
(1470, 'GN-KS', 'Kissidougou F', 89),
(1471, 'GN-L', 'Lab, Gouvernorat de', 89),
(1472, 'GN-LA', 'Lab L', 89),
(1473, 'GN-LE', 'Llouma L', 89),
(1474, 'GN-LO', 'Lola N', 89),
(1475, 'GN-M', 'Mamou, Gouvernorat de', 89),
(1476, 'GN-MC', 'Macenta N', 89),
(1477, 'GN-MD', 'Mandiana K', 89),
(1478, 'GN-ML', 'Mali L', 89),
(1479, 'GN-MM', 'Mamou M', 89),
(1480, 'GN-N', 'Nzrkor, Gouvernorat de', 89),
(1481, 'GN-NZ', 'Nzrkor N', 89),
(1482, 'GN-PI', 'Pita M', 89),
(1483, 'GN-SI', 'Siguiri K', 89),
(1484, 'GN-TE', 'Tliml D', 89),
(1485, 'GN-TO', 'Tougu L', 89),
(1486, 'GN-YO', 'Yomou N', 89),
(1487, 'GQ-AN', 'Annobn I', 65),
(1488, 'GQ-BN', 'Bioko Norte I', 65),
(1489, 'GQ-BS', 'Bioko Sur I', 65),
(1490, 'GQ-C', 'Regin Continental', 65),
(1491, 'GQ-CS', 'Centro Sur C', 65),
(1492, 'GQ-I', 'Regin Insular', 65),
(1493, 'GQ-KN', 'Kie-Ntem C', 65),
(1494, 'GQ-LI', 'Litoral C', 65),
(1495, 'GQ-WN', 'Wele-Nzs C', 65),
(1496, 'GR-01', 'Aitolia-Akarnania VII', 83),
(1497, 'GR-03', 'Voiotia VIII', 83),
(1498, 'GR-04', 'Evvoia VIII', 83),
(1499, 'GR-05', 'Evrytania VIII', 83),
(1500, 'GR-06', 'Fthiotis VIII', 83),
(1501, 'GR-07', 'Fokis VIII', 83),
(1502, 'GR-11', 'Argolis X', 83),
(1503, 'GR-12', 'Arkadia X', 83),
(1504, 'GR-13', 'Achaa VII', 83),
(1505, 'GR-14', 'Ileia VII', 83),
(1506, 'GR-15', 'Korinthia X', 83),
(1507, 'GR-16', 'Lakonia X', 83),
(1508, 'GR-17', 'Messinia X', 83),
(1509, 'GR-21', 'Zakynthos VI', 83),
(1510, 'GR-22', 'Kerkyra VI', 83),
(1511, 'GR-23', 'Kefallinia VI', 83),
(1512, 'GR-24', 'Lefkas VI', 83),
(1513, 'GR-31', 'Arta IV', 83),
(1514, 'GR-32', 'Thesprotia IV', 83),
(1515, 'GR-33', 'Ioannina IV', 83),
(1516, 'GR-34', 'Preveza IV', 83),
(1517, 'GR-41', 'Karditsa V', 83),
(1518, 'GR-42', 'Larisa V', 83),
(1519, 'GR-43', 'Magnisia V', 83),
(1520, 'GR-44', 'Trikala V', 83),
(1521, 'GR-51', 'Grevena III', 83),
(1522, 'GR-52', 'Drama I', 83),
(1523, 'GR-53', 'Imathia II', 83),
(1524, 'GR-54', 'Thessaloniki II', 83),
(1525, 'GR-55', 'Kavalla I', 83),
(1526, 'GR-56', 'Kastoria III', 83),
(1527, 'GR-57', 'Kilkis II', 83),
(1528, 'GR-58', 'Kozani III', 83),
(1529, 'GR-59', 'Pella II', 83),
(1530, 'GR-61', 'Pieria II', 83),
(1531, 'GR-62', 'Serrai II', 83),
(1532, 'GR-63', 'Florina III', 83),
(1533, 'GR-64', 'Chalkidiki II', 83),
(1534, 'GR-69', 'Agio Oros', 83),
(1535, 'GR-71', 'Evros I', 83),
(1536, 'GR-72', 'Xanthi I', 83),
(1537, 'GR-73', 'Rodopi I', 83),
(1538, 'GR-81', 'Dodekanisos XII', 83),
(1539, 'GR-82', 'Kyklades XII', 83),
(1540, 'GR-83', 'Lesvos XI', 83),
(1541, 'GR-84', 'Samos XI', 83),
(1542, 'GR-85', 'Chios XI', 83),
(1543, 'GR-91', 'Irakleion XIII', 83),
(1544, 'GR-92', 'Lasithion XIII', 83),
(1545, 'GR-93', 'Rethymnon XIII', 83),
(1546, 'GR-94', 'Chania XIII', 83),
(1547, 'GR-A1', 'Attiki IX', 83),
(1548, 'GR-I', 'Anatoliki Makedonia kai Thraki', 83),
(1549, 'GR-II', 'Kentriki Makedonia', 83),
(1550, 'GR-III', 'Dytiki Makedonia', 83),
(1551, 'GR-IV', 'Ipeiros', 83),
(1552, 'GR-IX', 'Attiki', 83),
(1553, 'GR-V', 'Thessalia', 83),
(1554, 'GR-VI', 'Ionioi Nisoi', 83),
(1555, 'GR-VII', 'Dytiki Ellada', 83),
(1556, 'GR-VIII', 'Sterea Ellada', 83),
(1557, 'GR-X', 'Peloponnisos', 83),
(1558, 'GR-XI', 'Voreio Aigaio', 83),
(1559, 'GR-XII', 'Notio Aigaio', 83),
(1560, 'GR-XIII', 'Kriti', 83),
(1561, 'GT-AV', 'Alta Verapaz', 88),
(1562, 'GT-BV', 'Baja Verapaz', 88),
(1563, 'GT-CM', 'Chimaltenango', 88),
(1564, 'GT-CQ', 'Chiquimula', 88),
(1565, 'GT-ES', 'Escuintla', 88),
(1566, 'GT-GU', 'Guatemala', 88),
(1567, 'GT-HU', 'Huehuetenango', 88),
(1568, 'GT-IZ', 'Izabal', 88),
(1569, 'GT-JA', 'Jalapa', 88),
(1570, 'GT-JU', 'Jutiapa', 88),
(1571, 'GT-PE', 'Petn', 88),
(1572, 'GT-PR', 'El Progreso', 88),
(1573, 'GT-QC', 'Quich', 88),
(1574, 'GT-QZ', 'Quetzaltenango', 88),
(1575, 'GT-RE', 'Retalhuleu', 88),
(1576, 'GT-SA', 'Sacatepquez', 88),
(1577, 'GT-SM', 'San Marcos', 88),
(1578, 'GT-SO', 'Solol', 88),
(1579, 'GT-SR', 'Santa Rosa', 88),
(1580, 'GT-SU', 'Suchitepquez', 88),
(1581, 'GT-TO', 'Totonicapn', 88),
(1582, 'GT-ZA', 'Zacapa', 88),
(1583, 'GW-BA', 'Bafat L', 90),
(1584, 'GW-BL', 'Bolama S', 90),
(1585, 'GW-BM', 'Biombo N', 90),
(1586, 'GW-BS', 'Bissau', 90),
(1587, 'GW-CA', 'Cacheu N', 90),
(1588, 'GW-GA', 'Gab L', 90),
(1589, 'GW-L', 'Leste', 90),
(1590, 'GW-N', 'Norte', 90),
(1591, 'GW-OI', 'Oio N', 90),
(1592, 'GW-QU', 'Quinara S', 90),
(1593, 'GW-S', 'Sul', 90),
(1594, 'GW-TO', 'Tombali S', 90),
(1595, 'GY-BA', 'Barima-Waini', 91),
(1596, 'GY-CU', 'Cuyuni-Mazaruni', 91),
(1597, 'GY-DE', 'Demerara-Mahaica', 91),
(1598, 'GY-EB', 'East Berbice-Corentyne', 91),
(1599, 'GY-ES', 'Essequibo Islands-West Demerara', 91),
(1600, 'GY-MA', 'Mahaica-Berbice', 91),
(1601, 'GY-PM', 'Pomeroon-Supenaam', 91),
(1602, 'GY-PT', 'Potaro-Siparuni', 91),
(1603, 'GY-UD', 'Upper Demerara-Berbice', 91),
(1604, 'GY-UT', 'Upper Takutu-Upper Essequibo', 91),
(1605, 'HN-AT', 'Atlntida', 95),
(1606, 'HN-CH', 'Choluteca', 95),
(1607, 'HN-CL', 'Coln', 95),
(1608, 'HN-CM', 'Comayagua', 95),
(1609, 'HN-CP', 'Copn', 95),
(1610, 'HN-CR', 'Corts', 95),
(1611, 'HN-EP', 'El Paraso', 95),
(1612, 'HN-FM', 'Francisco Morazn', 95),
(1613, 'HN-GD', 'Gracias a Dios', 95),
(1614, 'HN-IB', 'Islas de la Baha', 95),
(1615, 'HN-IN', 'Intibuc', 95),
(1616, 'HN-LE', 'Lempira', 95),
(1617, 'HN-LP', 'La Paz', 95),
(1618, 'HN-OC', 'Ocotepeque', 95),
(1619, 'HN-OL', 'Olancho', 95),
(1620, 'HN-SB', 'Santa Brbara', 95),
(1621, 'HN-VA', 'Valle', 95),
(1622, 'HN-YO', 'Yoro', 95),
(1623, 'HR-01', 'Zagrebacka zupanija', 54),
(1624, 'HR-02', 'Krapinsko-zagorska zupanija', 54),
(1625, 'HR-03', 'Sisacko-moslavacka zupanija', 54),
(1626, 'HR-04', 'Karlovacka zupanija', 54),
(1627, 'HR-05', 'Varazdinska zupanija', 54),
(1628, 'HR-06', 'Koprivnickco-krizevacka zupanija', 54),
(1629, 'HR-07', 'Bjelovarsko-bilogorska zupanija', 54),
(1630, 'HR-08', 'Primorsko-goranska zupanija', 54),
(1631, 'HR-09', 'Licko-senjska zupanija', 54),
(1632, 'HR-10', 'Viroviticko-podravska zupanija', 54),
(1633, 'HR-11', 'Pozeko-slavonska zupanija', 54),
(1634, 'HR-12', 'Brodsko-posavska zupanija', 54),
(1635, 'HR-13', 'Zadarska zupanija', 54),
(1636, 'HR-14', 'Osjecko-baranjska zupanija', 54),
(1637, 'HR-15', 'ibensko-kninska zupanija', 54),
(1638, 'HR-16', 'Vukovarsko-srijemska zupanija', 54),
(1639, 'HR-17', 'Splitsko-dalmatinska zupanija', 54),
(1640, 'HR-18', 'Istarska zupanija', 54),
(1641, 'HR-19', 'Dubrovacko-neretvanska zupanija', 54),
(1642, 'HR-20', 'Medimurska zupanija', 54),
(1643, 'HR-21', 'Grad Zagreb', 54),
(1644, 'HT-AR', 'Artibonite', 92),
(1645, 'HT-CE', 'Centre', 92),
(1646, 'HT-GA', 'Grande-Anse', 92),
(1647, 'HT-ND', 'Nord', 92),
(1648, 'HT-NE', 'Nord-Est', 92),
(1649, 'HT-NO', 'Nord-Ouest', 92),
(1650, 'HT-OU', 'Ouest', 92),
(1651, 'HT-SD', 'Sud', 92),
(1652, 'HT-SE', 'Sud-Est', 92),
(1653, 'HU-BA', 'Baranya', 97),
(1654, 'HU-BC', 'Bkscsaba', 97),
(1655, 'HU-BE', 'Bks', 97),
(1656, 'HU-BK', 'Bcs-Kiskun', 97),
(1657, 'HU-BU', 'Budapest', 97),
(1658, 'HU-BZ', 'Borsod-Abaj-Zempln', 97),
(1659, 'HU-CS', 'Csongrd', 97),
(1660, 'HU-DE', 'Debrecen', 97),
(1661, 'HU-DU', 'Dunajvros', 97),
(1662, 'HU-EG', 'Eger', 97),
(1663, 'HU-FE', 'Fejr', 97),
(1664, 'HU-GS', 'Gyor-Moson-Sopron', 97),
(1665, 'HU-GY', 'Gyor', 97),
(1666, 'HU-HB', 'Hajd-Bihar', 97),
(1667, 'HU-HE', 'Heves', 97),
(1668, 'HU-HV', 'Hdmezovsrhely', 97),
(1669, 'HU-JN', 'Jsz-Nagykun-Szolnok', 97),
(1670, 'HU-KE', 'Komrom-Esztergom', 97),
(1671, 'HU-KM', 'Kecskemt', 97),
(1672, 'HU-KV', 'Kaposvr', 97),
(1673, 'HU-MI', 'Miskolc', 97),
(1674, 'HU-NK', 'Nagykanizsa', 97),
(1675, 'HU-NO', 'Ngrd', 97),
(1676, 'HU-NY', 'Nyregyhza', 97),
(1677, 'HU-PE', 'Pest', 97),
(1678, 'HU-PS', 'Pcs', 97),
(1679, 'HU-SD', 'Szeged', 97),
(1680, 'HU-SF', 'Szkesfehrvr', 97),
(1681, 'HU-SH', 'Szombathely', 97),
(1682, 'HU-SK', 'Szolnok', 97),
(1683, 'HU-SN', 'Sopron', 97),
(1684, 'HU-SO', 'Somogy', 97),
(1685, 'HU-SS', 'Szekszrd', 97),
(1686, 'HU-ST', 'Salgtarjn', 97),
(1687, 'HU-SZ', 'Szabolcs-Szatmr-Bereg', 97),
(1688, 'HU-TB', 'Tatabnya', 97),
(1689, 'HU-TO', 'Tolna', 97),
(1690, 'HU-VA', 'Vas', 97),
(1691, 'HU-VE', 'Veszprm', 97),
(1692, 'HU-VM', 'Veszprm', 97),
(1693, 'HU-ZA', 'Zala', 97),
(1694, 'HU-ZE', 'Zalaegerszeg', 97),
(1695, 'ID-AC', 'Aceh SM', 100),
(1696, 'ID-BA', 'Bali NU', 100),
(1697, 'ID-BB', 'Bangka Belitung SM', 100),
(1698, 'ID-BE', 'Bengkulu SM', 100),
(1699, 'ID-BT', 'Banten JW', 100),
(1700, 'ID-GO', 'Gorontalo SL', 100),
(1701, 'ID-IJ', 'Papua', 100),
(1702, 'ID-JA', 'Jambi SM', 100),
(1703, 'ID-JB', 'Jawa Barat JW', 100),
(1704, 'ID-JI', 'Jawa Timur JW', 100),
(1705, 'ID-JK', 'Jakarta Raya JW', 100),
(1706, 'ID-JT', 'Jawa Tengah JW', 100),
(1707, 'ID-JW', 'Jawa', 100),
(1708, 'ID-KA', 'Kalimantan', 100),
(1709, 'ID-KB', 'Kalimantan Barat KA', 100),
(1710, 'ID-KI', 'Kalimantan Timur KA', 100),
(1711, 'ID-KS', 'Kalimantan Selatan KA', 100),
(1712, 'ID-KT', 'Kalimantan Tengah KA', 100),
(1713, 'ID-LA', 'Lampung SM', 100),
(1714, 'ID-MA', 'Maluku', 100),
(1715, 'ID-MU', 'Maluku Utara MA', 100),
(1716, 'ID-NB', 'Nusa Tenggara Barat NU', 100),
(1717, 'ID-NT', 'Nusa Tenggara Timur NU', 100),
(1718, 'ID-NU', 'Nusa Tenggara', 100),
(1719, 'ID-PA', 'Papua IJ', 100),
(1720, 'ID-RI', 'Riau SM', 100),
(1721, 'ID-SA', 'Sulawesi Utara SL', 100),
(1722, 'ID-SB', 'Sumatera Barat SM', 100),
(1723, 'ID-SG', 'Sulawesi Tenggara SL', 100),
(1724, 'ID-SL', 'Sulawesi', 100),
(1725, 'ID-SM', 'Sumatera', 100),
(1726, 'ID-SN', 'Sulawesi Selatan SL', 100),
(1727, 'ID-SS', 'Sumatera Selatan SM', 100),
(1728, 'ID-ST', 'Sulawesi Tengah SL', 100),
(1729, 'ID-SU', 'Sumatera Utara SM', 100),
(1730, 'ID-YO', 'Yogyakarta JW', 100),
(1731, 'IE-C', 'Cork Corcaigh M', 103),
(1732, 'IE-C; 2', 'Connaught Connacht', 103),
(1733, 'IE-CE', 'Clare (en), An Clr (ga), M', 103),
(1734, 'IE-CN', 'Cavan (en), An Cabhn (ga), U', 103),
(1735, 'IE-CW', 'Carlow (en), Ceatharlach (ga), L', 103),
(1736, 'IE-D', 'Dublin (en), Baile tha Cliath (ga), L', 103),
(1737, 'IE-DL', 'Donegal D(en), n na nGall (ga), U', 103),
(1738, 'IE-G', 'Galway (en), Gaillimh (ga), C', 103),
(1739, 'IE-KE', 'Kildare (en), Cill Dara (ga), L', 103),
(1740, 'IE-KK', 'Kilkenny (en), Cill Chainnigh (ga), L', 103),
(1741, 'IE-KY', 'Kerry (en), Ciarra (ga), M', 103),
(1742, 'IE-L', 'Leinster Laighin', 103),
(1743, 'IE-LD', 'Longford (en), An Longfort (ga), L', 103),
(1744, 'IE-LH', 'Louth (en), L (ga), L', 103),
(1745, 'IE-LK', 'Limerick (en), Luimneach (ga), M', 103),
(1746, 'IE-LM', 'Leitrim (en), Liatroim (ga), C', 103),
(1747, 'IE-LS', 'Laois (en), Laois (ga), L', 103),
(1748, 'IE-M', 'Munster An Mhumhain', 103),
(1749, 'IE-MH', 'Meath (en), An Mh (ga), L', 103),
(1750, 'IE-MN', 'Monaghan (en), Muineachn (ga), U', 103),
(1751, 'IE-MO', 'Mayo (en), Maigh Eo (ga), C', 103),
(1752, 'IE-OY', 'Offaly (en), Ubh Fhail (ga), L', 103),
(1753, 'IE-RN', 'Roscommon (en), Ros Comin (ga), C', 103),
(1754, 'IE-SO', 'Sligo (en), Sligeach (ga), C', 103),
(1755, 'IE-TA', 'Tipperary (en), Tiobraid rann (ga), M', 103),
(1756, 'IE-U', 'Ulster Ulaidh', 103),
(1757, 'IE-WD', 'Waterford (en), Port Lirge (ga), M', 103),
(1758, 'IE-WH', 'Westmeath (en), An Iarmh (ga), L', 103),
(1759, 'IE-WW', 'Wicklow (en), Cill Mhantin (ga), L', 103),
(1760, 'IE-WX', 'Wexford (en), Loch Garman (ga), L', 103),
(1761, 'IL-D', 'HaDarom (he), El Janubi (ar)', 104),
(1762, 'IL-HA', 'Hefa (he), Heifa (ar)', 104),
(1763, 'IL-JM', 'Yerushalayim (he), Al Quds (ar)', 104),
(1764, 'IL-M', 'HaMerkaz (he), El Awsat (ar)', 104),
(1765, 'IL-TA', 'Tel-Aviv (he), Tell Abib (ar)', 104),
(1766, 'IL-Z', 'HaZafon (he), Esh Shamali (ar)', 104),
(1767, 'IN-AN', 'Andaman and Nicobar Islands', 99),
(1768, 'IN-AP', 'Andhra Pradesh', 99),
(1769, 'IN-AR', 'Arunachal Pradesh', 99),
(1770, 'IN-AS', 'Assam', 99),
(1771, 'IN-BR', 'Bihar', 99),
(1772, 'IN-CH', 'Chandigarh', 99),
(1773, 'IN-CT', 'Chhattisgarh', 99),
(1774, 'IN-DD', 'Daman and Diu', 99),
(1775, 'IN-DL', 'Delhi', 99),
(1776, 'IN-DN', 'Dadra and Nagar Haveli', 99),
(1777, 'IN-GA', 'Goa', 99),
(1778, 'IN-GJ', 'Gujarat', 99),
(1779, 'IN-HP', 'Himachal Pradesh', 99),
(1780, 'IN-HR', 'Haryana', 99),
(1781, 'IN-JH', 'Jharkhand', 99),
(1782, 'IN-JK', 'Jammu and Kashmir', 99),
(1783, 'IN-KA', 'Karnataka', 99),
(1784, 'IN-KL', 'Kerala', 99),
(1785, 'IN-LD', 'Lakshadweep', 99),
(1786, 'IN-MH', 'Maharashtra', 99),
(1787, 'IN-ML', 'Meghalaya', 99),
(1788, 'IN-MN', 'Manipur', 99),
(1789, 'IN-MP', 'Madhya Pradesh', 99),
(1790, 'IN-MZ', 'Mizoram', 99),
(1791, 'IN-NL', 'Nagaland', 99),
(1792, 'IN-OR', 'Orissa', 99),
(1793, 'IN-PB', 'Punjab', 99),
(1794, 'IN-PY', 'Pondicherry', 99),
(1795, 'IN-RJ', 'Rajasthan', 99),
(1796, 'IN-SK', 'Sikkim', 99),
(1797, 'IN-TN', 'Tamil Nadu', 99),
(1798, 'IN-TR', 'Tripura', 99),
(1799, 'IN-UL', 'Uttaranchal', 99),
(1800, 'IN-UP', 'Uttar Pradesh', 99),
(1801, 'IN-WB', 'West Bengal', 99),
(1802, 'IQ-AN', 'Al Anbar', 102),
(1803, 'IQ-AR', 'Arbil', 102),
(1804, 'IQ-BA', 'Al Basrah', 102),
(1805, 'IQ-BB', 'Babil', 102),
(1806, 'IQ-BG', 'Baghdad', 102),
(1807, 'IQ-DA', 'Dahuk', 102),
(1808, 'IQ-DI', 'Diyal', 102),
(1809, 'IQ-DQ', 'Dhi Qar', 102),
(1810, 'IQ-KA', 'Karbala\'', 102),
(1811, 'IQ-MA', 'Maysan', 102),
(1812, 'IQ-MU', 'Al Muthann', 102),
(1813, 'IQ-NA', 'An Najaf', 102),
(1814, 'IQ-NI', 'Ninaw', 102),
(1815, 'IQ-QA', 'Al Qadisiyah', 102),
(1816, 'IQ-SD', 'Salah ad Din', 102),
(1817, 'IQ-SU', 'As Sulaymaniyah', 102),
(1818, 'IQ-TS', 'At Ta\'mim', 102),
(1819, 'IQ-WA', 'Wasit', 102),
(1820, 'IR-01', 'Azarbayjan-e-Sharqi', 101),
(1821, 'IR-02', 'Azarbayjan-e-Gharbi', 101),
(1822, 'IR-03', 'Ardabil', 101),
(1823, 'IR-04', 'Esfahan', 101),
(1824, 'IR-05', 'Ilam', 101),
(1825, 'IR-06', 'Bushehr', 101),
(1826, 'IR-07', 'Tehran', 101),
(1827, 'IR-08', 'Chahar Mahall va Bakhtiari', 101),
(1828, 'IR-09', 'Khorasan', 101),
(1829, 'IR-10', 'Khuzestan', 101),
(1830, 'IR-11', 'Zanjan', 101),
(1831, 'IR-12', 'Semnan', 101),
(1832, 'IR-13', 'Sistan va Baluchestan', 101),
(1833, 'IR-14', 'Fars', 101),
(1834, 'IR-15', 'Kerman', 101),
(1835, 'IR-16', 'Kordestan', 101),
(1836, 'IR-17', 'Kermanshah', 101),
(1837, 'IR-18', 'Kohkiluyeh va Buyer Ahmad', 101),
(1838, 'IR-19', 'Gilan', 101),
(1839, 'IR-20', 'Lorestan', 101),
(1840, 'IR-21', 'Ma zandaran', 101),
(1841, 'IR-22', 'Markazi', 101),
(1842, 'IR-23', 'Hormozgan', 101),
(1843, 'IR-24', 'Hamadan', 101),
(1844, 'IR-25', 'Yazd', 101),
(1845, 'IR-26', 'Qom', 101),
(1846, 'IR-27', 'Golestan', 101),
(1847, 'IR-28', 'Qazvin', 101),
(1848, 'IS-0', 'Reykjavk', 98),
(1849, 'IS-1', 'Hfuborgarsvi utan Reykjavkur', 98),
(1850, 'IS-2', 'Suurnes', 98),
(1851, 'IS-3', 'Vesturland', 98),
(1852, 'IS-4', 'Vestfirir', 98),
(1853, 'IS-5', 'Norurland vestra', 98),
(1854, 'IS-6', 'Norurland eystra', 98),
(1855, 'IS-7', 'Austurland', 98),
(1856, 'IS-8', 'Suurland', 98),
(1857, 'IT-21', 'Piemonte', 105),
(1858, 'IT-23', 'Valle d\'Aosta Valle d\'Aoste (fr)', 105),
(1859, 'IT-25', 'Lombardia', 105),
(1860, 'IT-32', 'Trentino-Alto Adige Trentino-Sdtirol (de)', 105),
(1861, 'IT-34', 'Veneto', 105),
(1862, 'IT-36', 'Friuli-Venezia Giulia', 105),
(1863, 'IT-42', 'Liguria', 105),
(1864, 'IT-45', 'Emilia-Romagna', 105),
(1865, 'IT-52', 'Toscana', 105),
(1866, 'IT-55', 'Umbria', 105),
(1867, 'IT-57', 'Marche', 105),
(1868, 'IT-62', 'Lazio', 105),
(1869, 'IT-65', 'Abruzzo', 105),
(1870, 'IT-67', 'Molise', 105),
(1871, 'IT-72', 'Campania', 105),
(1872, 'IT-75', 'Puglia', 105),
(1873, 'IT-77', 'Basilicata', 105),
(1874, 'IT-78', 'Calabria', 105),
(1875, 'IT-82', 'Sicilia', 105),
(1876, 'IT-88', 'Sardegna', 105),
(1877, 'IT-AG', 'Agrigento 82', 105),
(1878, 'IT-AL', 'Alessandria 21', 105),
(1879, 'IT-AN', 'Ancona 57', 105),
(1880, 'IT-AO', 'Aosta Aoste (fr) 23', 105),
(1881, 'IT-AP', 'Ascoli Piceno 57', 105),
(1882, 'IT-AQ', 'L\'Aquila 65', 105),
(1883, 'IT-AR', 'Arezzo 52', 105),
(1884, 'IT-AT', 'Asti 21', 105),
(1885, 'IT-AV', 'Avellino 72', 105),
(1886, 'IT-BA', 'Bari 75', 105),
(1887, 'IT-BG', 'Bergamo 25', 105),
(1888, 'IT-BI', 'Biella 21', 105),
(1889, 'IT-BL', 'Belluno 34', 105),
(1890, 'IT-BN', 'Benevento 72', 105),
(1891, 'IT-BO', 'Bologna 45', 105),
(1892, 'IT-BR', 'Brindisi 75', 105),
(1893, 'IT-BS', 'Brescia 25', 105),
(1894, 'IT-BZ', 'Bolzano Bozen (de) 32', 105),
(1895, 'IT-CA', 'Cagliari 88', 105),
(1896, 'IT-CB', 'Campobasso 67', 105),
(1897, 'IT-CE', 'Caserta 72', 105),
(1898, 'IT-CH', 'Chieti 65', 105),
(1899, 'IT-CL', 'Caltanissetta 82', 105),
(1900, 'IT-CN', 'Cuneo 21', 105),
(1901, 'IT-CO', 'Como 25', 105),
(1902, 'IT-CR', 'Cremona 25', 105),
(1903, 'IT-CS', 'Cosenza 78', 105),
(1904, 'IT-CT', 'Catania 82', 105),
(1905, 'IT-CZ', 'Catanzaro 78', 105),
(1906, 'IT-DU', 'Udine 36', 105),
(1907, 'IT-EN', 'Enna 82', 105),
(1908, 'IT-FE', 'Ferrara 45', 105),
(1909, 'IT-FG', 'Foggia 75', 105),
(1910, 'IT-FI', 'Firenze 52', 105),
(1911, 'IT-FO', 'Forl 45', 105),
(1912, 'IT-FR', 'Frosinone 62', 105),
(1913, 'IT-GE', 'Genova 42', 105),
(1914, 'IT-GO', 'Gorizia 36', 105),
(1915, 'IT-GR', 'Grosseto 52', 105),
(1916, 'IT-IM', 'Imperia 42', 105),
(1917, 'IT-IS', 'Isernia 67', 105),
(1918, 'IT-KR', 'Crotone 78', 105),
(1919, 'IT-LC', 'Lecco 25', 105),
(1920, 'IT-LE', 'Lecce 75', 105),
(1921, 'IT-LI', 'Livorno 52', 105),
(1922, 'IT-LO', 'Lodi 25', 105),
(1923, 'IT-LT', 'Latina 62', 105),
(1924, 'IT-LU', 'Lucca 52', 105),
(1925, 'IT-MC', 'Macerata 57', 105),
(1926, 'IT-ME', 'Messina 82', 105),
(1927, 'IT-MI', 'Milano 25', 105),
(1928, 'IT-MN', 'Mantova 25', 105),
(1929, 'IT-MO', 'Modena 45', 105),
(1930, 'IT-MS', 'Massa-Carrara 52', 105),
(1931, 'IT-MT', 'Matera 77', 105),
(1932, 'IT-NA', 'Napoli 72', 105),
(1933, 'IT-NO', 'Novara 21', 105),
(1934, 'IT-NU', 'Nuoro 88', 105),
(1935, 'IT-OR', 'Oristano 88', 105),
(1936, 'IT-PA', 'Palermo 82', 105),
(1937, 'IT-PC', 'Piacenza 45', 105),
(1938, 'IT-PD', 'Padova 34', 105),
(1939, 'IT-PE', 'Pescara 65', 105),
(1940, 'IT-PG', 'Perugia 55', 105),
(1941, 'IT-PI', 'Pisa 52', 105),
(1942, 'IT-PN', 'Pordenone 36', 105),
(1943, 'IT-PO', 'Prato 52', 105),
(1944, 'IT-PR', 'Parma 45', 105),
(1945, 'IT-PS', 'Pesaro e Urbino 57', 105),
(1946, 'IT-PT', 'Pistoia 52', 105),
(1947, 'IT-PV', 'Pavia 25', 105),
(1948, 'IT-PZ', 'Potenza 77', 105),
(1949, 'IT-RA', 'Ravenna 45', 105),
(1950, 'IT-RC', 'Reggio Calabria 78', 105),
(1951, 'IT-RE', 'Reggio Emilia 45', 105),
(1952, 'IT-RG', 'Ragusa 82', 105),
(1953, 'IT-RI', 'Rieti 62', 105),
(1954, 'IT-RM', 'Roma 62', 105),
(1955, 'IT-RN', 'Rimini 45', 105),
(1956, 'IT-RO', 'Rovigo 34', 105),
(1957, 'IT-SA', 'Salerno 72', 105),
(1958, 'IT-SI', 'Siena 52', 105),
(1959, 'IT-SO', 'Sondrio 25', 105),
(1960, 'IT-SP', 'La Spezia 42', 105),
(1961, 'IT-SR', 'Siracusa 82', 105),
(1962, 'IT-SS', 'Sassari 88', 105),
(1963, 'IT-SV', 'Savona 42', 105),
(1964, 'IT-TA', 'Taranto 75', 105),
(1965, 'IT-TE', 'Teramo 65', 105),
(1966, 'IT-TN', 'Trento 32', 105),
(1967, 'IT-TO', 'Torino 21', 105),
(1968, 'IT-TP', 'Trapani 82', 105),
(1969, 'IT-TR', 'Terni 55', 105),
(1970, 'IT-TS', 'Trieste 36', 105),
(1971, 'IT-TV', 'Treviso 34', 105),
(1972, 'IT-VA', 'Varese 25', 105),
(1973, 'IT-VB', 'Verbano-Cusio-Ossola 21', 105),
(1974, 'IT-VC', 'Vercelli 21', 105),
(1975, 'IT-VE', 'Venezia 34', 105),
(1976, 'IT-VI', 'Vicenza 34', 105),
(1977, 'IT-VR', 'Verona 34', 105),
(1978, 'IT-VT', 'Viterbo 62', 105),
(1979, 'IT-VV', 'Vibo Valentia 78', 105),
(1980, 'JM-01', 'Kingston', 106),
(1981, 'JM-02', 'Saint Andrew', 106),
(1982, 'JM-03', 'Saint Thomas', 106),
(1983, 'JM-04', 'Portland', 106),
(1984, 'JM-05', 'Saint Mary', 106),
(1985, 'JM-06', 'Saint Ann', 106),
(1986, 'JM-07', 'Trelawny', 106),
(1987, 'JM-08', 'Saint James', 106),
(1988, 'JM-09', 'Hanover', 106),
(1989, 'JM-10', 'Westmoreland', 106),
(1990, 'JM-11', 'Saint Elizabeth', 106),
(1991, 'JM-12', 'Manchester', 106),
(1992, 'JM-13', 'Clarendon', 106),
(1993, 'JM-14', 'Saint Catherine', 106),
(1994, 'JO-AJ', 'Ajlun', 108),
(1995, 'JO-AM', 'Amman', 108),
(1996, 'JO-AQ', 'Al\'Aqaba', 108),
(1997, 'JO-AT', 'At Tafilah', 108),
(1998, 'JO-AZ', 'Az Zarqa', 108),
(1999, 'JO-BA', 'Al Balqa\'', 108),
(2000, 'JO-IR', 'Irbid', 108),
(2001, 'JO-JA', 'Jarash', 108),
(2002, 'JO-KA', 'Al Karak', 108),
(2003, 'JO-MA', 'Al Mafraq', 108),
(2004, 'JO-MD', 'Madaba', 108),
(2005, 'JO-MN', 'Maan', 108),
(2006, 'JP-01', 'Hokkaid [Hokkaido]', 107),
(2007, 'JP-02', 'Aomori', 107),
(2008, 'JP-03', 'Iwate', 107),
(2009, 'JP-04', 'Miyagi', 107),
(2010, 'JP-05', 'Akita', 107),
(2011, 'JP-06', 'Yamagata', 107),
(2012, 'JP-07', 'Hukusima [Fukushima]', 107),
(2013, 'JP-08', 'Ibaraki', 107),
(2014, 'JP-09', 'Totigi [Tochigi]', 107),
(2015, 'JP-10', 'Gunma', 107),
(2016, 'JP-11', 'Saitama', 107),
(2017, 'JP-12', 'Tiba [Chiba]', 107),
(2018, 'JP-13', 'Tky [Tokyo]', 107),
(2019, 'JP-14', 'Kanagawa', 107),
(2020, 'JP-15', 'Niigata', 107),
(2021, 'JP-16', 'Toyama', 107),
(2022, 'JP-17', 'Isikawa [Ishikawa]', 107),
(2023, 'JP-18', 'Hukui [Fukui]', 107),
(2024, 'JP-19', 'Yamanasi [Yamanashi]', 107),
(2025, 'JP-20', 'Nagano', 107),
(2026, 'JP-21', 'Gihu [Gifu]', 107),
(2027, 'JP-22', 'Sizuoka [Shizuoka]', 107),
(2028, 'JP-23', 'Aiti [Aichi]', 107),
(2029, 'JP-24', 'Mie', 107),
(2030, 'JP-25', 'Siga [Shiga]', 107),
(2031, 'JP-26', 'Kyto [Kyoto]', 107),
(2032, 'JP-27', 'saka [Osaka]', 107),
(2033, 'JP-28', 'Hygo [Hyogo]', 107),
(2034, 'JP-29', 'Nara', 107),
(2035, 'JP-30', 'Wakayama', 107),
(2036, 'JP-31', 'Tottori', 107),
(2037, 'JP-32', 'Simane [Shimane]', 107),
(2038, 'JP-33', 'Okayama', 107),
(2039, 'JP-34', 'Hirosima [Hiroshima]', 107),
(2040, 'JP-35', 'Yamaguti [Yamaguchi]', 107),
(2041, 'JP-36', 'Tokusima [Tokushima]', 107),
(2042, 'JP-37', 'Kagawa', 107),
(2043, 'JP-38', 'Ehime', 107),
(2044, 'JP-39', 'Kti [Kochi]', 107),
(2045, 'JP-40', 'Hukuoka [Fukuoka]', 107),
(2046, 'JP-41', 'Saga', 107),
(2047, 'JP-42', 'Nagasaki', 107),
(2048, 'JP-43', 'Kumamoto', 107),
(2049, 'JP-44', 'ita [Oita]', 107),
(2050, 'JP-45', 'Miyazaki', 107),
(2051, 'JP-46', 'Kagosima [Kagoshima]', 107),
(2052, 'JP-47', 'Okinawa', 107),
(2053, 'KE-110', 'Nairobi Municipality', 110),
(2054, 'KE-200', 'Central (en), Kati (sw)', 110),
(2055, 'KE-300', 'Coast (en), Pwani (sw)', 110),
(2056, 'KE-400', 'Eastern (en), Mashariki (sw)', 110),
(2057, 'KE-500', 'North-Eastern (en), Kaskazini Mashariki (sw)', 110),
(2058, 'KE-600', 'Nyanza', 110),
(2059, 'KE-700', 'Rift Valley', 110),
(2060, 'KE-900', 'Western (en), Magharibi (sw)', 110),
(2061, 'KG-B', 'Batken (ky), Batkenskaya oblast (ru BGN/PCGN), Batkenskajy oblast (ru GOST)', 115),
(2062, 'KG-C', 'Ch (ky), huyskaya oblast (ru BGN/PCGN), Cujskaja oblast (ru GOST)', 115),
(2063, 'KG-GB', 'Bishkek (ky), Gorod Bishkek (ru BGN/PCGN), Gorod Biskek (ru GOST)', 115),
(2064, 'KG-J', 'Jalal-Abad (ky), Dzhalal-Abadskaya oblast (ru BGN/PCGN), Dz alal-Abadskaja oblast(ru GOST)', 115),
(2065, 'KG-N', 'Naryn (ky), Narynskaya oblast (ru BGN/PCGN), Narynskaja oblast (ru GOST)', 115),
(2066, 'KG-O', 'Osh (ky), Oshskaya oblast (ru BGN/PCGN), Oskaja oblast (ru GOST)', 115),
(2067, 'KG-T', 'Talas (ky), Talasskaya oblast (ru BGN/PCGN), Talasskaja oblast (ru GOST)', 115),
(2068, 'KG-Y', 'Ysyk-Kl (ky), Issyk-Kulskaya oblast (ru BGN/PCGN), Issyk-Kulskaja oblast (ru GOST)', 115),
(2069, 'KH-1', 'Banteay Mean Chey [Bntay Manchey]', 36),
(2070, 'KH-10', 'Kracheh [Krchh]', 36),
(2071, 'KH-11', 'Mondol Kiri [Mndl Kiri]', 36),
(2072, 'KH-12', 'Phnom Penh [Phnum Pnh]', 36),
(2073, 'KH-13', 'Preah Vihear [Preah Vihar]', 36),
(2074, 'KH-14', 'Prey Veaeng [Prey Vng]', 36),
(2075, 'KH-15', 'Pousaat [Pouthisat]', 36),
(2076, 'KH-16', 'Rotanak Kiri [Rtnkiri]', 36),
(2077, 'KH-17', 'Siem Reab [Siemrab]', 36),
(2078, 'KH-18', 'Krong Preah Sihanouk [Krong Preah Sihanouk]', 36),
(2079, 'KH-19', 'Stueng Traeng [Stoeng Trng]', 36),
(2080, 'KH-2', 'Baat Dambang [Batdmbng]', 36),
(2081, 'KH-20', 'Svaay Rieng [Svay Rieng]', 36),
(2082, 'KH-21', 'Taakaev [Takv]', 36),
(2083, 'KH-22', 'Otdar Mean Chey [ Otdr Manchey]', 36),
(2084, 'KH-23', 'Krong Kaeb [Krong Kb]', 36),
(2085, 'KH-24', 'Krong Pailin [Krong Pailin]', 36),
(2086, 'KH-3', 'Kampong Chaam [Kmpng Cham]', 36),
(2087, 'KH-4', 'Kampong Chhnang [Kmpng Chhna ng]', 36),
(2088, 'KH-5', 'Kampong Spueu [Kmpng Spoe]', 36),
(2089, 'KH-6', 'Kampong Thum [Kmpng Thum]', 36),
(2090, 'KH-7', 'Kampot [Kmpt]', 36),
(2091, 'KH-8', 'Kandaal [Kndal]', 36),
(2092, 'KH-9', 'Kaoh Kong [Kah Kong]', 36),
(2093, 'KI-G', 'Gilbert Islands', 111),
(2094, 'KI-L', 'Line Islands', 111),
(2095, 'KI-P', 'Phoenix Islands', 111),
(2096, 'KM-A', 'Anjouan (fr), Ndzouani, (ar)', 48),
(2097, 'KM-G', 'Grande Comore (fr), Ngazidja, (ar)', 48),
(2098, 'KM-M', 'Mohli (fr), Moili, (ar)', 48),
(2099, 'KP-CHA', 'Chagang-do', 112),
(2100, 'KP-HAB', 'Hamgyongbuk-do', 112),
(2101, 'KP-HAN', 'Hamgyongnam-do', 112),
(2102, 'KP-HWB', 'Hwanghaebuk-do', 112),
(2103, 'KP-HWN', 'Hwanghaenam-do', 112),
(2104, 'KP-KAE', 'Kaesong-si', 112),
(2105, 'KP-KAN', 'Kangwon-do', 112),
(2106, 'KP-NAJ', 'Najin Sonbong-si', 112),
(2107, 'KP-NAM', 'Nampo-si', 112),
(2108, 'KP-PYB', 'Pyonganbuk-do', 112),
(2109, 'KP-PYN', 'Pyongannam-do', 112),
(2110, 'KP-PYO', 'Pyongyang-si', 112),
(2111, 'KP-YAN', 'Yanggang-do', 112),
(2112, 'KR-11', 'Seoul Teugbyeolsi [Seoul-Tukpyolshi]', 113),
(2113, 'KR-26', 'Busan Gwangyeogsi [Pusan-Kwangyokshi]', 113),
(2114, 'KR-27', 'Daegu Gwangyeogsi [Taegu-Kwangyokshi]', 113),
(2115, 'KR-28', 'Incheon Gwangyeogsi [Inchon-Kwangyokshi]', 113),
(2116, 'KR-29', 'Gwangju Gwangyeogsi [Kwangju-Kwangyokshi]', 113),
(2117, 'KR-30', 'Daejeon Gwangyeogsi [Taej o n-Kwangyokshi]', 113),
(2118, 'KR-31', 'Ulsan Gwangyeogsi [Ulsan-Kwangyokshi]', 113),
(2119, 'KR-41', 'Gyeonggido [Kyonggi-do]', 113),
(2120, 'KR-42', 'Gangweondo [Kang-won-do]', 113),
(2121, 'KR-43', 'Chungcheongbugdo [Ch\'ungch\'o ngbuk-do]', 113),
(2122, 'KR-44', 'Chungcheongnamdo [Ch\'ungch\'o ngnam-do]', 113),
(2123, 'KR-45', 'Jeonrabugdo[Chollabuk-do]', 113),
(2124, 'KR-46', 'Jeonranamdo [Chollanam-do]', 113),
(2125, 'KR-47', 'Gyeongsangbugdo [Kyongsangbuk-do]', 113),
(2126, 'KR-48', 'Gyeongsangnamdo [Kyongsangnam-do]', 113),
(2127, 'KR-49', 'Jejudo [Cheju-do]', 113),
(2128, 'KW-AH', 'Al Ahmadi', 114),
(2129, 'KW-FA', 'Al Farwanyah', 114),
(2130, 'KW-HA', 'Hawalli', 114),
(2131, 'KW-JA', 'Al Jahrah', 114),
(2132, 'KW-KU', 'Al Kuwayt', 114),
(2133, 'KZ-AKM', 'Aqmola oblysy (kk), Akmolinskaya oblast (ru BGN/PCGN), Akmolinskaja oblast (ru GOST)', 109),
(2134, 'KZ-AKT', 'Aqtbe oblysy (kk), Aktyubinskaya oblast (ru BGN/PCGN), Aktjubinskaja oblast (ru GOST)', 109),
(2135, 'KZ-ALA', 'Almaty', 109),
(2136, 'KZ-ALM', 'Almaty oblysy (kk), Almatinskaya oblast (ru BGN/PCGN), Almatinskaja oblast (ru GOST)', 109),
(2137, 'KZ-AST', 'Astana', 109),
(2138, 'KZ-ATY', 'Atyrau oblysy (kk), Atyrauskaya oblast (ru BGN/PCGN), Atyrauskaja oblast (ru GOST)', 109),
(2139, 'KZ-KAR', 'Qaraghandy oblysy (kk), Karagandinskaya oblast (ru BGN/PCGN), Karagandinskaja oblast (ru GOST)', 109),
(2140, 'KZ-KUS', 'Qostanay oblysy (kk), Kostanayskaya oblast\' (ru BGN/PCGN), Kostanajskaja oblast\' (ru GOST)', 109),
(2141, 'KZ-KZY', 'Qyzylorda oblysy (kk), Kyzlordinskaya oblast\' (ru BGN/PCGN), Kyzlordinskaja oblast\' (ru GOST)', 109),
(2142, 'KZ-MAN', 'Mangghystau oblysy (kk), Mangistauskaya oblast\' (ru BGN/PCGN), Mangystauskaja oblast (ru GOST)', 109),
(2143, 'KZ-PAV', 'Pavlodar oblysy (kk), Pavlodarskaya oblast (ru BGN/PCGN), Pavlodarskaja oblast (ru GOST)', 109),
(2144, 'KZ-SEV', 'Soltstik Qazaqstan oblysy (kk), Severo-Kazakhstanskaya oblast (ru BGN/PCGN), Severo-Kazahstanskaja oblast (ru GOST)', 109),
(2145, 'KZ-VOS', 'Shyghys Qazaqstan oblysy (kk), Vostochno-Kazakhstanskaya oblast (ru BGN/PCGN), Vostocno-Kazahstanskaja oblast (ru GOST)', 109),
(2146, 'KZ-YUZ', 'Ongtstik Qazaqstan oblysy (kk), Yuzhno-Kazakhstanskaya oblast (ru BGN/PCGN), Juzno-Kazahstanskaja oblast (ru GOST)', 109),
(2147, 'KZ-ZAP', 'Batys Qazaqstan oblysy (kk), Zapadno-Kazakhstanskaya oblast (ru BGN/PCGN), Zapadno-Kazahstanskaja oblast (ru GOST)', 109),
(2148, 'KZ-ZHA', 'Zhambyl oblysy (kk), Zhambylskaya oblast (ru BGN/PCGN), Zambylskaja oblast (ru GOST)', 109),
(2149, 'LA-AT', 'Attapu [Attopeu]', 116),
(2150, 'LA-BK', 'Boko', 116),
(2151, 'LA-BL', 'Bolikhamxai [Borikhane]', 116),
(2152, 'LA-CH', 'Champasak [Champassak]', 116),
(2153, 'LA-HO', 'Houaphan', 116),
(2154, 'LA-KH', 'Khammouan', 116),
(2155, 'LA-LM', 'Louang Namtha', 116),
(2156, 'LA-LP', 'Louangphabang [Louang Prabang]', 116),
(2157, 'LA-OU', 'Oudmxai [Oudomsai]', 116),
(2158, 'LA-PH', 'Phngsali [Phong Saly]', 116),
(2159, 'LA-SL', 'Salavan [Saravane]', 116),
(2160, 'LA-SV', 'Savannakht', 116),
(2161, 'LA-VI', 'Vientiane', 116),
(2162, 'LA-VT', 'Vientiane', 116),
(2163, 'LA-XA', 'Xaignabouli [Sayaboury]', 116),
(2164, 'LA-XE', 'Xkong [Skong]', 116),
(2165, 'LA-XI', 'Xiangkhoang [Xieng Khouang]', 116),
(2166, 'LA-XN', 'Xaisomboun', 116),
(2167, 'LB-AS', 'Loubnne ech Chemli (ar 1), Ash Shamal (ar 2 BGN/PCGN)', 118),
(2168, 'LB-BA', 'Beirot (ar 1), Bayrut (ar 2 BGN/PCGN)', 118),
(2169, 'LB-BI', 'El Bqaa (ar 1), Al Biqa (ar 2 BGN/PCGN)', 118),
(2170, 'LB-JA', 'Loubnne ej Jnobi (ar 1), Al Janub (ar 2 BGN/PCGN)', 118),
(2171, 'LB-JL', 'Jabal Loubnne (ar 1), Jabal Lubnan (ar 2 BGN/PCGN)', 118),
(2172, 'LB-NA', 'Nabaty (ar 1), An Nabatiyah (ar 2 BGN/PCGN)', 118),
(2173, 'LK-1', 'Basnahira Palata (si), Western Province (en)', 200),
(2174, 'LK-11', 'Colombo 1', 200),
(2175, 'LK-12', 'Gampaha 1', 200),
(2176, 'LK-13', 'Kalutara 1', 200),
(2177, 'LK-2', 'Madhyama Palata (si), Central Province (en)', 200),
(2178, 'LK-21', 'Kandy 2', 200),
(2179, 'LK-22', 'Matale 2', 200),
(2180, 'LK-23', 'Nuwara Eliya 2', 200),
(2181, 'LK-3', 'Dakunu Palata (si), Southern Province (en)', 200),
(2182, 'LK-31', 'Galle 3', 200),
(2183, 'LK-32', 'Matara 3', 200),
(2184, 'LK-33', 'Hambantota 3', 200),
(2185, 'LK-4', 'Uturu Palata (si), Northern Province (en)', 200),
(2186, 'LK-41', 'Jaffna 4', 200),
(2187, 'LK-42', 'Kilinochchi 4', 200),
(2188, 'LK-43', 'Mannar 4', 200),
(2189, 'LK-44', 'Vavuniya 4', 200),
(2190, 'LK-45', 'Mullaittivu 4', 200),
(2191, 'LK-5', 'Negenahira Palata (si), Eastern Province (en)', 200),
(2192, 'LK-51', 'Batticaloa 5', 200),
(2193, 'LK-52', 'Ampara 5', 200),
(2194, 'LK-53', 'Trincomalee 5', 200),
(2195, 'LK-6', 'Wayamba Palata (si), North Western Province (en)', 200),
(2196, 'LK-61', 'Kurunegala 6', 200),
(2197, 'LK-62', 'Puttalam 6', 200),
(2198, 'LK-7', 'Uturumeda Palata (si), North Central Province (en)', 200),
(2199, 'LK-71', 'Anuradhapura 7', 200),
(2200, 'LK-72', 'Polonnaruwa 7', 200),
(2201, 'LK-8', 'Uva Palata(si)', 200),
(2202, 'LK-81', 'Badulla 8', 200),
(2203, 'LK-82', 'Monaragala 8', 200),
(2204, 'LK-9', 'Sabaragamuwa Palata(si)', 200),
(2205, 'LK-91', 'Ratnapura 9', 200),
(2206, 'LK-92', 'Kegalla 9', 200),
(2207, 'LR-BG', 'Bong', 120),
(2208, 'LR-BM', 'Bomi', 120),
(2209, 'LR-CM', 'Grand Cape Mount', 120),
(2210, 'LR-GB', 'Grand Bassa', 120),
(2211, 'LR-GG', 'Grand Gedeh', 120),
(2212, 'LR-GK', 'Grand Kru', 120),
(2213, 'LR-LO', 'Lofa', 120),
(2214, 'LR-MG', 'Margibi', 120),
(2215, 'LR-MO', 'Montserrado', 120),
(2216, 'LR-MY', 'Maryland', 120),
(2217, 'LR-NI', 'Nimba', 120),
(2218, 'LR-RI', 'Rivercess', 120),
(2219, 'LR-SI', 'Sinoe', 120),
(2220, 'LS-A', 'Maseru', 119),
(2221, 'LS-B', 'Butha-Buthe', 119),
(2222, 'LS-C', 'Leribe', 119),
(2223, 'LS-D', 'Berea', 119),
(2224, 'LS-E', 'Mafeteng', 119),
(2225, 'LS-F', 'Mohale\'s Hoek', 119),
(2226, 'LS-G', 'Quthing', 119),
(2227, 'LS-H', 'Qacha\'s Nek', 119),
(2228, 'LS-J', 'Mokhotlong', 119),
(2229, 'LS-K', 'Thaba-Tseka', 119),
(2230, 'LT-AL', 'Alytaus Apskritis', 123),
(2231, 'LT-KL', 'Klaipedos Apskritis', 123),
(2232, 'LT-KU', 'Kauno Apskritis', 123),
(2233, 'LT-MR', 'Marijampoles Apskritis', 123),
(2234, 'LT-PN', 'Panevezio Apskritis', 123),
(2235, 'LT-SA', 'Siauliu Apskritis', 123),
(2236, 'LT-TA', 'Taurages Apskritis', 123),
(2237, 'LT-TE', 'Telsiu Apskritis', 123),
(2238, 'LT-UT', 'Utenos Apskritis', 123),
(2239, 'LT-VL', 'Vilniaus Apskritis', 123),
(2240, 'LU-D', 'Diekirch', 124),
(2241, 'LU-G', 'Grevenmacher', 124),
(2242, 'LU-L', 'Luxembourg (fr) Luxemburg (de)', 124),
(2243, 'LV-AI', 'Aizkraukles Aprinkis', 117),
(2244, 'LV-AL', 'Aluksnes Aprinkis', 117),
(2245, 'LV-BL', 'Balvu Aprinkis', 117),
(2246, 'LV-BU', 'Bauskas Aprinkis', 117),
(2247, 'LV-CE', 'Cesu Aprinkis', 117),
(2248, 'LV-DA', 'Daugavpils Aprinkis', 117),
(2249, 'LV-DGV', 'Daugavpils', 117),
(2250, 'LV-DO', 'Dobeles Aprinkis', 117),
(2251, 'LV-GU', 'Gulbenes Aprinkis', 117),
(2252, 'LV-JEL', 'Jelgava', 117),
(2253, 'LV-JK', 'Jekabpils Aprinkis', 117),
(2254, 'LV-JL', 'Jelgavas Aprinkis', 117),
(2255, 'LV-JUR', 'Jurmala', 117),
(2256, 'LV-KR', 'Kraslavas Aprinkis', 117),
(2257, 'LV-KU', 'Kuldlgas Aprinkis', 117),
(2258, 'LV-LE', 'Liepajas Aprinkis', 117),
(2259, 'LV-LM', 'Limbazu Aprinkis', 117),
(2260, 'LV-LPX', 'Liepaja', 117),
(2261, 'LV-LU', 'Ludzas Aprinkis', 117),
(2262, 'LV-MA', 'Madonas Aprinkis', 117),
(2263, 'LV-OG', 'Ogres Aprinkis', 117),
(2264, 'LV-PR', 'Preilu Aprinkis', 117),
(2265, 'LV-RE', 'Rezeknes Aprinkis', 117),
(2266, 'LV-REZ', 'Rezekne', 117),
(2267, 'LV-RI', 'Rigas Aprinkis', 117),
(2268, 'LV-RIX', 'Riga', 117),
(2269, 'LV-SA', 'Saldus Aprinkis', 117),
(2270, 'LV-TA', 'Talsu Aprinkis', 117),
(2271, 'LV-TU', 'Tukuma Aprinkis', 117),
(2272, 'LV-VE', 'Ventspils Aprinkis', 117),
(2273, 'LV-VEN', 'Ventspils', 117),
(2274, 'LV-VK', 'Valkas Aprinkis', 117),
(2275, 'LV-VM', 'Valmieras Aprinkis', 117),
(2276, 'LY-BA', 'Banghazi', 121),
(2277, 'LY-BU', 'Al Butnan', 121),
(2278, 'LY-FA', 'Fazzan', 121),
(2279, 'LY-JA', 'Al Jabal al Akhdar', 121),
(2280, 'LY-JG', 'Al Jabal al Gharbi', 121),
(2281, 'LY-JU', 'Al Jufrah', 121),
(2282, 'LY-MI', 'Misratah', 121),
(2283, 'LY-NA', 'Naggaza', 121),
(2284, 'LY-SF', 'Sawfajjin', 121),
(2285, 'LY-TB', 'Tarabulus', 121),
(2286, 'LY-WA', 'Al Wahah', 121),
(2287, 'LY-WU', 'Al Wust', 121),
(2288, 'LY-ZA', 'Az Zawiyah', 121),
(2289, 'MA-01', 'Tanger-Ttouan', 144),
(2290, 'MA-02', 'Gharb-Chrarda-Beni Hssen', 144),
(2291, 'MA-03', 'Taza-Al Hoceima-Taounate', 144),
(2292, 'MA-04', 'L\'Oriental', 144),
(2293, 'MA-05', 'Fs-Boulemane', 144),
(2294, 'MA-06', 'Mekns-Tafilalet', 144),
(2295, 'MA-07', 'Rabat-Sal-Zemmour-Zaer', 144),
(2296, 'MA-08', 'Grand Casablanca', 144),
(2297, 'MA-09', 'Chaouia-Ouardigha', 144),
(2298, 'MA-10', 'Doukhala-Abda', 144),
(2299, 'MA-11', 'Marrakech-Tensift-Al Haouz', 144),
(2300, 'MA-12', 'Tadla-Azilal', 144),
(2301, 'MA-13', 'Sous-Massa-Draa', 144),
(2302, 'MA-14', 'Guelmim-Es Smara', 144),
(2303, 'MA-15', 'Laayoune-Boujdour-Sakia el Hamra', 144),
(2304, 'MA-16', 'Oued ed Dahab-Lagouira', 144),
(2305, 'MA-AGD', 'Agadir 13', 144),
(2306, 'MA-ASZ', 'Assa-Zag 14', 144),
(2307, 'MA-AZI', 'Azilal 12', 144),
(2308, 'MA-BAH', 'At Baha 13', 144),
(2309, 'MA-BEM', 'Beni Mellal 12', 144),
(2310, 'MA-BER', 'Berkane 04', 144),
(2311, 'MA-BES', 'Ben Slimane 09', 144),
(2312, 'MA-BOD', 'Boujdour (EH) 15', 144),
(2313, 'MA-BOM', 'Boulemane 05', 144),
(2314, 'MA-CAS', 'Casablanca [Dar el Beda] 08', 144),
(2315, 'MA-CHE', 'Chefchaouene 01', 144),
(2316, 'MA-CHI', 'Chichaoua 11', 144),
(2317, 'MA-ERR', 'Errachidia 06', 144),
(2318, 'MA-ESI', 'Essaouira 11', 144),
(2319, 'MA-ESM', 'Es Smara (EH) 14', 144),
(2320, 'MA-FES', 'Fs 05', 144),
(2321, 'MA-FIG', 'Figuig 04', 144),
(2322, 'MA-GUE', 'Guelmim 14', 144),
(2323, 'MA-HAJ', 'El Hajeb 06', 144),
(2324, 'MA-HAO', 'Al Haouz 11', 144),
(2325, 'MA-HOC', 'Al Hocema 03', 144),
(2326, 'MA-IFR', 'Ifrane 06', 144),
(2327, 'MA-JDI', 'El Jadida 10', 144),
(2328, 'MA-JRA', 'Jerada 04', 144),
(2329, 'MA-KEN', 'Knitra 02', 144),
(2330, 'MA-KES', 'Kelaat Sraghna 11', 144),
(2331, 'MA-KHE', 'Khemisset 07', 144),
(2332, 'MA-KHN', 'Khenifra 06', 144),
(2333, 'MA-KHO', 'Khouribga 09', 144),
(2334, 'MA-LAA', 'Laayoune (EH) 15', 144),
(2335, 'MA-LAR', 'Larache 01', 144),
(2336, 'MA-MAR', 'Marrakech 11', 144),
(2337, 'MA-MEK', 'Mekns 06', 144),
(2338, 'MA-MEL', 'At Melloul 13', 144),
(2339, 'MA-NAD', 'Nador 04', 144),
(2340, 'MA-OUA', 'Ouarzazate 13', 144),
(2341, 'MA-OUD', 'Oued ed Dahab (EH) 16', 144),
(2342, 'MA-OUJ', 'Oujda 04', 144),
(2343, 'MA-RBA', 'Rabat-Sal 07', 144),
(2344, 'MA-SAF', 'Safi 10', 144),
(2345, 'MA-SEF', 'Sefrou 05', 144),
(2346, 'MA-SET', 'Settat 09', 144),
(2347, 'MA-SIK', 'Sidi Kacem 02', 144),
(2348, 'MA-TAO', 'Taounate 03', 144),
(2349, 'MA-TAR', 'Taroudannt 13', 144),
(2350, 'MA-TAT', 'Tata 14', 144),
(2351, 'MA-TAZ', 'Taza 03', 144),
(2352, 'MA-TET', 'Ttouan 01', 144),
(2353, 'MA-TIZ', 'Tiznit 13', 144),
(2354, 'MA-TNG', 'Tanger 01', 144),
(2355, 'MA-TNT', 'Tan-Tan 14', 144),
(2356, 'MD-BA', 'Balti', 140),
(2357, 'MD-CA', 'Cahul', 140),
(2358, 'MD-CH', 'Chisinau (District)', 140),
(2359, 'MD-CU', 'Chisinau (City)', 140),
(2360, 'MD-ED', 'Edinet', 140),
(2361, 'MD-GA', 'Gagauzia, Unitate Teritoriala Autonoma (UTAG)', 140),
(2362, 'MD-LA', 'Lapusna', 140),
(2363, 'MD-OR', 'Orhei', 140),
(2364, 'MD-SN', 'Stinga Nistrului, unitatea teritoriala din', 140),
(2365, 'MD-SO', 'Soroca', 140),
(2366, 'MD-TA', 'Taraclia', 140),
(2367, 'MD-TI', 'Tighina [Bender]', 140),
(2368, 'MD-UN', 'Ungheni', 140),
(2369, 'MG-A', 'Toamasina', 127),
(2370, 'MG-D', 'Antsiranana', 127),
(2371, 'MG-F', 'Fianarantsoa', 127),
(2372, 'MG-M', 'Mahajanga', 127),
(2373, 'MG-T', 'Antananarivo', 127),
(2374, 'MG-U', 'Toliara', 127),
(2375, 'MH-ALK', 'Ailuk T', 133),
(2376, 'MH-ALL', 'Ailinglapalap L', 133),
(2377, 'MH-ARN', 'Arno T', 133),
(2378, 'MH-AUR', 'Aur T', 133),
(2379, 'MH-EBO', 'Ebon L', 133),
(2380, 'MH-ENI', 'Eniwetok L', 133),
(2381, 'MH-JAL', 'Jaluit L', 133),
(2382, 'MH-KIL', 'Kili L', 133),
(2383, 'MH-KWA', 'Kwajalein L', 133),
(2384, 'MH-L', 'Ralik chain', 133),
(2385, 'MH-LAE', 'Lae L', 133),
(2386, 'MH-LIB', 'Lib L', 133),
(2387, 'MH-LIK', 'Likiep T', 133),
(2388, 'MH-MAJ', 'Majuro T', 133),
(2389, 'MH-MAL', 'Maloelap T', 133),
(2390, 'MH-MEJ', 'Mejit T', 133),
(2391, 'MH-MIL', 'Mili T', 133),
(2392, 'MH-NMK', 'Namorik L', 133),
(2393, 'MH-NMU', 'Namu L', 133),
(2394, 'MH-RON', 'Rongelap L', 133),
(2395, 'MH-T', 'Ratak chain', 133),
(2396, 'MH-UJA', 'Ujae L', 133),
(2397, 'MH-UJL', 'Ujelang L', 133),
(2398, 'MH-UTI', 'Utirik T', 133),
(2399, 'MH-WTH', 'Wotho L', 133),
(2400, 'MH-WTJ', 'Wotje T', 133),
(2401, 'ML-1', 'Kayes', 131),
(2402, 'ML-2', 'Koulikoro', 131),
(2403, 'ML-3', 'Sikasso', 131),
(2404, 'ML-4', 'Sgou', 131),
(2405, 'ML-5', 'Mopti', 131),
(2406, 'ML-6', 'Tombouctou', 131),
(2407, 'ML-7', 'Gao', 131),
(2408, 'ML-8', 'Kidal', 131),
(2409, 'ML-BKO', 'Bamako', 131),
(2410, 'MM-01', 'Sagaing', 146),
(2411, 'MM-02', 'Bago', 146),
(2412, 'MM-03', 'Magway', 146),
(2413, 'MM-04', 'Mandalay', 146),
(2414, 'MM-05', 'Tanintharyi', 146),
(2415, 'MM-06', 'Yangon', 146),
(2416, 'MM-07', 'Ayeyarwady', 146),
(2417, 'MM-11', 'Kachin', 146),
(2418, 'MM-12', 'Kayah', 146),
(2419, 'MM-13', 'Kayin', 146),
(2420, 'MM-14', 'Chin', 146),
(2421, 'MM-15', 'Mon', 146),
(2422, 'MM-16', 'Rakhine', 146),
(2423, 'MM-17', 'Shan', 146),
(2424, 'MN-035', 'Orhon', 142),
(2425, 'MN-037', 'Darhan uul', 142),
(2426, 'MN-039', 'Hentiy', 142),
(2427, 'MN-041', 'Hvsgl', 142),
(2428, 'MN-043', 'Hovd', 142),
(2429, 'MN-046', 'Uvs', 142),
(2430, 'MN-047', 'Tv', 142),
(2431, 'MN-049', 'Selenge', 142),
(2432, 'MN-051', 'Shbaatar', 142),
(2433, 'MN-053', 'mngovi', 142),
(2434, 'MN-055', 'vrhangay', 142),
(2435, 'MN-057', 'Dzavhan', 142),
(2436, 'MN-059', 'Dundgovi', 142),
(2437, 'MN-061', 'Dornod', 142),
(2438, 'MN-063', 'Dornogovi', 142),
(2439, 'MN-064', 'Govi-Smber', 142),
(2440, 'MN-065', 'Govi-Altay', 142),
(2441, 'MN-067', 'Bulgan', 142),
(2442, 'MN-069', 'Bayanhongor', 142),
(2443, 'MN-071', 'Bayan-lgiy', 142),
(2444, 'MN-073', 'Arhangay', 142),
(2445, 'MN-1', 'Ulaanbaatar', 142),
(2446, 'MR-01', 'Hodh ech Chargui', 135),
(2447, 'MR-02', 'Hodh el Gharbi', 135),
(2448, 'MR-03', 'Assaba', 135),
(2449, 'MR-04', 'Gorgol', 135),
(2450, 'MR-05', 'Brakna', 135),
(2451, 'MR-06', 'Trarza', 135),
(2452, 'MR-07', 'Adrar', 135),
(2453, 'MR-08', 'Dakhlet Noudhibou', 135),
(2454, 'MR-09', 'Tagant', 135),
(2455, 'MR-10', 'Guidimaka', 135),
(2456, 'MR-11', 'Tiris Zemmour', 135),
(2457, 'MR-12', 'Inchiri', 135),
(2458, 'MR-NKC', 'Nouakchott', 135),
(2459, 'MU-AG', 'Agalega Islands', 136),
(2460, 'MU-BL', 'Black River', 136),
(2461, 'MU-BR', 'Beau Bassin-Rose Hill', 136),
(2462, 'MU-CC', 'Cargados Carajos Shoals [Saint Brandon Islands]', 136),
(2463, 'MU-CU', 'Curepipe', 136),
(2464, 'MU-FL', 'Flacq', 136),
(2465, 'MU-GP', 'Grand Port', 136),
(2466, 'MU-MO', 'Moka', 136),
(2467, 'MU-PA', 'Pamplemousses', 136),
(2468, 'MU-PL', 'Port Louis (District)', 136),
(2469, 'MU-PU', 'Port Louis (City)', 136),
(2470, 'MU-PW', 'Plaines Wilhems', 136),
(2471, 'MU-QB', 'Quatre Bornes', 136),
(2472, 'MU-RO', 'Rodrigues Island', 136),
(2473, 'MU-RR', 'Rivire du Rempart', 136),
(2474, 'MU-SA', 'Savanne', 136),
(2475, 'MU-VP', 'Vacoas-Phoenix', 136),
(2476, 'MV-01', 'Seenu', 130),
(2477, 'MV-02', 'Alif', 130),
(2478, 'MV-03', 'Lhaviyani', 130),
(2479, 'MV-04', 'Vaavu', 130),
(2480, 'MV-05', 'Laamu', 130),
(2481, 'MV-07', 'Haa Alif', 130),
(2482, 'MV-08', 'Thaa', 130),
(2483, 'MV-12', 'Meemu', 130),
(2484, 'MV-13', 'Raa', 130),
(2485, 'MV-14', 'Faafu', 130),
(2486, 'MV-17', 'Dhaalu', 130),
(2487, 'MV-20', 'Baa', 130),
(2488, 'MV-23', 'Haa Dhaalu', 130),
(2489, 'MV-24', 'Shaviyani', 130),
(2490, 'MV-25', 'Noonu', 130),
(2491, 'MV-26', 'Kaafu', 130),
(2492, 'MV-27', 'Gaaf Alif', 130),
(2493, 'MV-28', 'Gaafu Dhaalu', 130),
(2494, 'MV-29', 'Gnaviyani', 130),
(2495, 'MV-MLE', 'Male', 130),
(2496, 'MW-BA', 'Balaka S', 128),
(2497, 'MW-BL', 'Blantyre S', 128),
(2498, 'MW-C', 'Central', 128),
(2499, 'MW-CK', 'Chikwawa S', 128),
(2500, 'MW-CR', 'Chiradzulu S', 128),
(2501, 'MW-CT', 'Chitipa N', 128),
(2502, 'MW-DE', 'Dedza C', 128),
(2503, 'MW-DO', 'Dowa C', 128),
(2504, 'MW-KR', 'Karonga N', 128),
(2505, 'MW-KS', 'Kasungu C', 128),
(2506, 'MW-LI', 'Lilongwe C', 128),
(2507, 'MW-LK', 'Likoma Island N', 128),
(2508, 'MW-MC', 'Mchinji C', 128),
(2509, 'MW-MG', 'Mangochi S', 128),
(2510, 'MW-MH', 'Machinga S', 128),
(2511, 'MW-MU', 'Mulanje S', 128),
(2512, 'MW-MW', 'Mwanza S', 128),
(2513, 'MW-MZ', 'Mzimba N', 128),
(2514, 'MW-N', 'Northern', 128),
(2515, 'MW-NB', 'Nkhata Bay N', 128),
(2516, 'MW-NI', 'Ntchisi C', 128),
(2517, 'MW-NK', 'Nkhotakota C', 128),
(2518, 'MW-NS', 'Nsanje S', 128),
(2519, 'MW-NU', 'Ntcheu C', 128),
(2520, 'MW-PH', 'Phalombe S', 128),
(2521, 'MW-RU', 'Rumphi N', 128),
(2522, 'MW-S', 'Southern', 128),
(2523, 'MW-SA', 'Salima C', 128),
(2524, 'MW-TH', 'Thyolo S', 128),
(2525, 'MW-ZO', 'Zomba S', 128),
(2526, 'MX-AGU', 'Aguascalientes', 138),
(2527, 'MX-BCN', 'Baja California', 138),
(2528, 'MX-BCS', 'Baja California Sur', 138),
(2529, 'MX-CAM', 'Campeche', 138),
(2530, 'MX-CHH', 'Chihuahua', 138),
(2531, 'MX-CHP', 'Chiapas', 138),
(2532, 'MX-COA', 'Coahuila', 138),
(2533, 'MX-COL', 'Colima', 138),
(2534, 'MX-DIF', 'Distrito Federal', 138),
(2535, 'MX-DUR', 'Durango', 138),
(2536, 'MX-GRO', 'Guerrero', 138),
(2537, 'MX-GUA', 'Guanajuato', 138),
(2538, 'MX-HID', 'Hidalgo', 138),
(2539, 'MX-JAL', 'Jalisco', 138),
(2540, 'MX-MEX', 'Mxico', 138),
(2541, 'MX-MIC', 'Michoacn', 138),
(2542, 'MX-MOR', 'Morelos', 138),
(2543, 'MX-NAY', 'Nayarit', 138),
(2544, 'MX-NLE', 'Nuevo Len', 138),
(2545, 'MX-OAX', 'Oaxaca', 138),
(2546, 'MX-PUE', 'Puebla', 138),
(2547, 'MX-QUE', 'Quertaro', 138),
(2548, 'MX-ROO', 'Quintana Roo', 138),
(2549, 'MX-SIN', 'Sinaloa', 138),
(2550, 'MX-SLP', 'San Luis Potos', 138),
(2551, 'MX-SON', 'Sonora', 138),
(2552, 'MX-TAB', 'Tabasco', 138),
(2553, 'MX-TAM', 'Tamaulipas', 138),
(2554, 'MX-TLA', 'Tlaxcala', 138),
(2555, 'MX-VER', 'Veracruz', 138),
(2556, 'MX-YUC', 'Yucatn', 138),
(2557, 'MX-ZAC', 'Zacatecas', 138),
(2558, 'MY-A', 'Perak', 129),
(2559, 'MY-B', 'Selangor', 129),
(2560, 'MY-C', 'Pahang', 129),
(2561, 'MY-D', 'Kelantan', 129),
(2562, 'MY-J', 'Johor', 129),
(2563, 'MY-K', 'Kedah', 129),
(2564, 'MY-L', 'Wilayah Persekutuan Labuan', 129),
(2565, 'MY-M', 'Melaka', 129),
(2566, 'MY-N', 'Negeri Sembilan', 129),
(2567, 'MY-P', 'Pulau Pinang', 129),
(2568, 'MY-R', 'Perlis', 129),
(2569, 'MY-SA', 'Sabah', 129),
(2570, 'MY-SK', 'Sarawak', 129),
(2571, 'MY-T', 'Terengganu', 129),
(2572, 'MY-W', 'Wilayah Persekutuan Kuala Lumpur', 129),
(2573, 'MZ-A', 'Niassa', 145),
(2574, 'MZ-B', 'Manica', 145),
(2575, 'MZ-G', 'Gaza', 145),
(2576, 'MZ-I', 'Inhambane', 145),
(2577, 'MZ-L', 'Maputo', 145),
(2578, 'MZ-MPM', 'Maputo', 145),
(2579, 'MZ-N', 'Nampula', 145),
(2580, 'MZ-P', 'Cabo Delgado', 145),
(2581, 'MZ-Q', 'Zambzia', 145),
(2582, 'MZ-S', 'Sofala', 145),
(2583, 'MZ-T', 'Tete', 145),
(2584, 'NA-CA', 'Caprivi', 147),
(2585, 'NA-ER', 'Erongo', 147),
(2586, 'NA-HA', 'Hardap', 147),
(2587, 'NA-KA', 'Karas', 147),
(2588, 'NA-KH', 'Khomas', 147),
(2589, 'NA-KU', 'Kunene', 147),
(2590, 'NA-OD', 'Otjozondjupa', 147),
(2591, 'NA-OH', 'Omaheke', 147),
(2592, 'NA-OK', 'Okavango', 147),
(2593, 'NA-ON', 'Oshana', 147),
(2594, 'NA-OS', 'Omusati', 147),
(2595, 'NA-OT', 'Oshikoto', 147),
(2596, 'NA-OW', 'Ohangwena', 147),
(2597, 'NE-1', 'Agadez', 155),
(2598, 'NE-2', 'Diffa', 155),
(2599, 'NE-3', 'Dosso', 155),
(2600, 'NE-4', 'Maradi', 155),
(2601, 'NE-5', 'Tahoua', 155),
(2602, 'NE-6', 'Tillabri', 155),
(2603, 'NE-7', 'Zinder', 155),
(2604, 'NE-8', 'Niamey', 155),
(2605, 'NG-AB', 'Abia', 156),
(2606, 'NG-AD', 'Adamawa', 156),
(2607, 'NG-AK', 'Akwa Ibom', 156),
(2608, 'NG-AN', 'Anambra', 156),
(2609, 'NG-BA', 'Bauchi', 156),
(2610, 'NG-BE', 'Benue', 156),
(2611, 'NG-BO', 'Borno', 156),
(2612, 'NG-BY', 'Bayelsa', 156),
(2613, 'NG-CR', 'Cross River', 156),
(2614, 'NG-DE', 'Delta', 156),
(2615, 'NG-EB', 'Ebonyi', 156),
(2616, 'NG-ED', 'Edo', 156),
(2617, 'NG-EK', 'Ekiti', 156),
(2618, 'NG-EN', 'Enugu', 156),
(2619, 'NG-FC', 'Abuja Capital Territory', 156),
(2620, 'NG-GO', 'Gombe', 156),
(2621, 'NG-IM', 'Imo', 156),
(2622, 'NG-JI', 'Jigawa', 156),
(2623, 'NG-KD', 'Kaduna', 156),
(2624, 'NG-KE', 'Kebbi', 156),
(2625, 'NG-KN', 'Kano', 156),
(2626, 'NG-KO', 'Kogi', 156),
(2627, 'NG-KT', 'Katsina', 156),
(2628, 'NG-KW', 'Kwara', 156),
(2629, 'NG-LA', 'Lagos', 156),
(2630, 'NG-NA', 'Nassarawa', 156),
(2631, 'NG-NI', 'Niger', 156),
(2632, 'NG-OG', 'Ogun', 156),
(2633, 'NG-ON', 'Ondo', 156),
(2634, 'NG-OS', 'Osun', 156),
(2635, 'NG-OY', 'Oyo', 156),
(2636, 'NG-PL', 'Plateau', 156),
(2637, 'NG-RI', 'Rivers', 156),
(2638, 'NG-SO', 'Sokoto', 156),
(2639, 'NG-TA', 'Taraba', 156),
(2640, 'NG-YO', 'Yobe', 156),
(2641, 'NG-ZA', 'Zamfara', 156),
(2642, 'NI-AN', 'Atlntico Norte', 154),
(2643, 'NI-AS', 'Atlntico Sur', 154),
(2644, 'NI-BO', 'Boaco', 154),
(2645, 'NI-CA', 'Carazo', 154),
(2646, 'NI-CI', 'Chinandega', 154),
(2647, 'NI-CO', 'Chontales', 154),
(2648, 'NI-ES', 'Estel', 154),
(2649, 'NI-GR', 'Granada', 154),
(2650, 'NI-JI', 'Jinotega', 154),
(2651, 'NI-LE', 'Len', 154),
(2652, 'NI-MD', 'Madriz', 154),
(2653, 'NI-MN', 'Managua', 154),
(2654, 'NI-MS', 'Masaya', 154),
(2655, 'NI-MT', 'Matagalpa', 154),
(2656, 'NI-NS', 'Nueva Segovia', 154),
(2657, 'NI-RI', 'Rivas', 154),
(2658, 'NI-SJ', 'Ro San Juan', 154),
(2659, 'NL-DR', 'Drenthe', 150),
(2660, 'NL-FL', 'Flevoland', 150),
(2661, 'NL-FR', 'Friesland', 150),
(2662, 'NL-GE', 'Gelderland', 150),
(2663, 'NL-GR', 'Groningen', 150),
(2664, 'NL-LI', 'Limburg', 150),
(2665, 'NL-NB', 'Noord-Brabant', 150),
(2666, 'NL-NH', 'Noord-Holland', 150),
(2667, 'NL-OV', 'Overijssel', 150),
(2668, 'NL-UT', 'Utrecht', 150),
(2669, 'NL-ZE', 'Zeeland', 150),
(2670, 'NL-ZH', 'Zuid-Holland', 150),
(2671, 'NO-01', 'stfold', 160),
(2672, 'NO-02', 'Akershus', 160),
(2673, 'NO-03', 'Oslo', 160),
(2674, 'NO-04', 'Hedmark', 160),
(2675, 'NO-05', 'Oppland', 160),
(2676, 'NO-06', 'Buskerud', 160),
(2677, 'NO-07', 'Vestfold', 160),
(2678, 'NO-08', 'Telemark', 160),
(2679, 'NO-09', 'Aust-Agder', 160),
(2680, 'NO-10', 'Vest-Agder', 160),
(2681, 'NO-11', 'Rogaland', 160),
(2682, 'NO-12', 'Hordaland', 160),
(2683, 'NO-14', 'Sogn og Fjordane', 160),
(2684, 'NO-15', 'Mre og Romsdal', 160),
(2685, 'NO-16', 'Sr-Trndelag', 160),
(2686, 'NO-17', 'Nord-Trndelag', 160),
(2687, 'NO-18', 'Nordland', 160),
(2688, 'NO-19', 'Troms', 160),
(2689, 'NO-20', 'Finnmark', 160),
(2690, 'NO-21', 'Svalbard (Arctic Region)', 160),
(2691, 'NO-22', 'Jan Mayen (Arctic Region)', 160),
(2692, 'NP-1', 'Madhyamanchal', 149),
(2693, 'NP-2', 'Madhya Pashchimanchal', 149),
(2694, 'NP-3', 'Pashchimanchal', 149),
(2695, 'NP-4', 'Purwanchal', 149),
(2696, 'NP-5', 'Sudur Pashchimanchal', 149),
(2697, 'NP-BA', 'Bagmati 1', 149),
(2698, 'NP-BH', 'Bheri 2', 149),
(2699, 'NP-DH', 'Dhawalagiri 3', 149),
(2700, 'NP-GA', 'Gandaki 3', 149),
(2701, 'NP-JA', 'Janakpur 1', 149),
(2702, 'NP-KA', 'Karnali 2', 149),
(2703, 'NP-KO', 'Kosi [Koshi] 4', 149),
(2704, 'NP-LU', 'Lumbini 3', 149),
(2705, 'NP-MA', 'Mahakali 5', 149),
(2706, 'NP-ME', 'Mechi 4', 149),
(2707, 'NP-NA', 'Narayani 1', 149),
(2708, 'NP-RA', 'Rapti 2', 149),
(2709, 'NP-SA', 'Sagarmatha 4', 149),
(2710, 'NP-SE', 'Seti 5', 149),
(2711, 'NZ-AUK', 'Auckland N', 153),
(2712, 'NZ-BOP', 'Bay of Plenty N', 153),
(2713, 'NZ-CAN', 'Canterbury S', 153),
(2714, 'NZ-GIS', 'Gisborne N', 153),
(2715, 'NZ-HKB', 'Hawkes\'s Bay N', 153),
(2716, 'NZ-MBH', 'Marlborough S', 153),
(2717, 'NZ-MWT', 'Manawatu-Wanganui N', 153),
(2718, 'NZ-N', 'North Island', 153),
(2719, 'NZ-NSN', 'Nelson S', 153),
(2720, 'NZ-NTL', 'Northland N', 153),
(2721, 'NZ-OTA', 'Otago S', 153),
(2722, 'NZ-S', 'South Island', 153),
(2723, 'NZ-STL', 'Southland S', 153),
(2724, 'NZ-TAS', 'Tasman S', 153),
(2725, 'NZ-TKI', 'Taranaki N', 153),
(2726, 'NZ-WGN', 'Wellington N', 153),
(2727, 'NZ-WKO', 'Waikato N', 153),
(2728, 'NZ-WTC', 'West Coast S', 153),
(2729, 'OM-BA', 'Al Ba t  inah', 161),
(2730, 'OM-DA', 'Ad Dakhiliyah', 161),
(2731, 'OM-JA', 'Al Janubiyah [Zufar]', 161),
(2732, 'OM-MA', 'Masqat', 161),
(2733, 'OM-MU', 'Musandam', 161),
(2734, 'OM-SH', 'Ash Sharqiyah', 161),
(2735, 'OM-WU', 'Al Wust', 161),
(2736, 'OM-ZA', 'Az Zahirah', 161),
(2737, 'PA-0', 'Comarca de San Blas', 165),
(2738, 'PA-1', 'Bocas del Toro', 165),
(2739, 'PA-2', 'Cocl', 165),
(2740, 'PA-3', 'Coln', 165),
(2741, 'PA-4', 'Chiriqu', 165),
(2742, 'PA-5', 'Darin', 165),
(2743, 'PA-6', 'Herrera', 165),
(2744, 'PA-7', 'Los Santos', 165),
(2745, 'PA-8', 'Panam', 165),
(2746, 'PA-9', 'Veraguas', 165),
(2747, 'PE-AMA', 'Amazonas', 168),
(2748, 'PE-ANC', 'Ancash', 168),
(2749, 'PE-APU', 'Apurmac', 168),
(2750, 'PE-ARE', 'Arequipa', 168),
(2751, 'PE-AYA', 'Ayacucho', 168),
(2752, 'PE-CAJ', 'Cajamarca', 168),
(2753, 'PE-CAL', 'El Callao', 168),
(2754, 'PE-CUS', 'Cuzco [Cusco]', 168),
(2755, 'PE-HUC', 'Hunuco', 168),
(2756, 'PE-HUV', 'Huancavelica', 168),
(2757, 'PE-ICA', 'Ica', 168),
(2758, 'PE-JUN', 'Junn', 168),
(2759, 'PE-LAL', 'La Libertad', 168),
(2760, 'PE-LAM', 'Lambayeque', 168),
(2761, 'PE-LIM', 'Lima', 168),
(2762, 'PE-LOR', 'Loreto', 168),
(2763, 'PE-MDD', 'Madre de Dios', 168),
(2764, 'PE-MOQ', 'Moquegua', 168),
(2765, 'PE-PAS', 'Pasco', 168),
(2766, 'PE-PIU', 'Piura', 168),
(2767, 'PE-PUN', 'Puno', 168),
(2768, 'PE-SAM', 'San Martn', 168),
(2769, 'PE-TAC', 'Tacna', 168),
(2770, 'PE-TUM', 'Tumbes', 168),
(2771, 'PE-UCA', 'Ucayali', 168),
(2772, 'PG-CPK', 'Chimbu', 166),
(2773, 'PG-CPM', 'Central', 166),
(2774, 'PG-EBR', 'East New Britain', 166),
(2775, 'PG-EHG', 'Eastern Highlands', 166),
(2776, 'PG-EPW', 'Enga', 166),
(2777, 'PG-ESW', 'East Sepik', 166),
(2778, 'PG-GPK', 'Gulf', 166),
(2779, 'PG-MBA', 'Milne Bay', 166),
(2780, 'PG-MPL', 'Morobe', 166);
INSERT INTO `tblprovince` (`pkstateid`, `idiso`, `nmname`, `fkcountryid`) VALUES
(2781, 'PG-MPM', 'Madang', 166),
(2782, 'PG-MRL', 'Manus', 166),
(2783, 'PG-NCD', 'National Capital District (Port Moresby)', 166),
(2784, 'PG-NIK', 'New Ireland', 166),
(2785, 'PG-NPP', 'Northern', 166),
(2786, 'PG-NSA', 'North Solomons', 166),
(2787, 'PG-SAN', 'Sandaun [West Sepik]', 166),
(2788, 'PG-SHM', 'Southern Highlands', 166),
(2789, 'PG-WBK', 'West New Britain', 166),
(2790, 'PG-WHM', 'Western Highlands', 166),
(2791, 'PG-WPD', 'Western', 166),
(2792, 'PH-00', 'National Capital Region (Manila)', 169),
(2793, 'PH-01', 'Ilocos', 169),
(2794, 'PH-02', 'Cagayan Valley', 169),
(2795, 'PH-03', 'Central Luzon', 169),
(2796, 'PH-04', 'Southern Tagalog', 169),
(2797, 'PH-05', 'Bicol', 169),
(2798, 'PH-06', 'Western Visayas', 169),
(2799, 'PH-07', 'Central Visayas', 169),
(2800, 'PH-08', 'Eastern Visayas', 169),
(2801, 'PH-09', 'Western Mindanao', 169),
(2802, 'PH-10', 'Northern Mindanao', 169),
(2803, 'PH-11', 'Southern Mindanao', 169),
(2804, 'PH-12', 'Central Mindanao', 169),
(2805, 'PH-13', 'CARAGA', 169),
(2806, 'PH-14', 'Autonomous Region in Muslim Mindanao (ARMM)', 169),
(2807, 'PH-15', 'Cordillera Administrative Region (CAR)', 169),
(2808, 'PH-ABR', 'Abra 15', 169),
(2809, 'PH-AGN', 'Agusan del Norte 13', 169),
(2810, 'PH-AGS', 'Agusan del Sur 13', 169),
(2811, 'PH-AKL', 'Aklan 06', 169),
(2812, 'PH-ALB', 'Albay 05', 169),
(2813, 'PH-ANT', 'Antique 06', 169),
(2814, 'PH-APA', 'Apayao 15', 169),
(2815, 'PH-AUR', 'Aurora 04', 169),
(2816, 'PH-BAN', 'Bataan 03', 169),
(2817, 'PH-BAS', 'Basilan 09', 169),
(2818, 'PH-BEN', 'Benguet 15', 169),
(2819, 'PH-BIL', 'Biliran 08', 169),
(2820, 'PH-BOH', 'Bohol 07', 169),
(2821, 'PH-BTG', 'Batangas 04', 169),
(2822, 'PH-BTN', 'Batanes 02', 169),
(2823, 'PH-BUK', 'Bukidnon 10', 169),
(2824, 'PH-BUL', 'Bulacan 03', 169),
(2825, 'PH-CAG', 'Cagayan 02', 169),
(2826, 'PH-CAM', 'Camiguin 10', 169),
(2827, 'PH-CAN', 'Camarines Norte 05', 169),
(2828, 'PH-CAP', 'Capiz 06', 169),
(2829, 'PH-CAS', 'Camarines Sur 05', 169),
(2830, 'PH-CAT', 'Catanduanes 05', 169),
(2831, 'PH-CAV', 'Cavite 04', 169),
(2832, 'PH-CEB', 'Cebu 07', 169),
(2833, 'PH-COM', 'Compostela Valley 11', 169),
(2834, 'PH-DAO', 'Davao Oriental 11', 169),
(2835, 'PH-DAS', 'Davao del Sur 11', 169),
(2836, 'PH-DAV', 'Davao 11', 169),
(2837, 'PH-EAS', 'Eastern Samar 08', 169),
(2838, 'PH-GUI', 'Guimaras 06', 169),
(2839, 'PH-IFU', 'Ifugao 15', 169),
(2840, 'PH-ILI', 'Iloilo 06', 169),
(2841, 'PH-ILN', 'Ilocos Norte 01', 169),
(2842, 'PH-ILS', 'Ilocos Sur 01', 169),
(2843, 'PH-ISA', 'Isabela 02', 169),
(2844, 'PH-KAL', 'Kalinga-Apayao 15', 169),
(2845, 'PH-LAG', 'Laguna 04', 169),
(2846, 'PH-LAN', 'Lanao del Norte 12', 169),
(2847, 'PH-LAS', 'Lanao del Sur 14', 169),
(2848, 'PH-LEY', 'Leyte 08', 169),
(2849, 'PH-LUN', 'La Union 01', 169),
(2850, 'PH-MAD', 'Marinduque 04', 169),
(2851, 'PH-MAG', 'Maguindanao 14', 169),
(2852, 'PH-MAS', 'Masbate 05', 169),
(2853, 'PH-MDC', 'Mindoro Occidental 04', 169),
(2854, 'PH-MDR', 'Mindoro Oriental 04', 169),
(2855, 'PH-MOU', 'Mountain Province 15', 169),
(2856, 'PH-MSC', 'Misamis Occidental 10', 169),
(2857, 'PH-MSR', 'Misamis Oriental 10', 169),
(2858, 'PH-NCO', 'North Cotabato 12', 169),
(2859, 'PH-NEC', 'Negros Occidental 06', 169),
(2860, 'PH-NER', 'Negros Oriental 07', 169),
(2861, 'PH-NSA', 'Northern Samar 08', 169),
(2862, 'PH-NUE', 'Nueva Ecija 03', 169),
(2863, 'PH-NUV', 'Nueva Vizcaya 02', 169),
(2864, 'PH-PAM', 'Pampanga 03', 169),
(2865, 'PH-PAN', 'Pangasinan 01', 169),
(2866, 'PH-PLW', 'Palawan 04', 169),
(2867, 'PH-QUE', 'Quezon 04', 169),
(2868, 'PH-QUI', 'Quirino 02', 169),
(2869, 'PH-RIZ', 'Rizal 04', 169),
(2870, 'PH-ROM', 'Romblon 04', 169),
(2871, 'PH-SAR', 'Sarangani 11', 169),
(2872, 'PH-SCO', 'South Cotabato 11', 169),
(2873, 'PH-SIG', 'Siquijor 07', 169),
(2874, 'PH-SLE', 'Southern Leyte 08', 169),
(2875, 'PH-SLU', 'Sulu 14', 169),
(2876, 'PH-SOR', 'Sorsogon 05', 169),
(2877, 'PH-SUK', 'Sultan Kudarat 12', 169),
(2878, 'PH-SUN', 'Surigao del Norte 13', 169),
(2879, 'PH-SUR', 'Surigao del Sur 13', 169),
(2880, 'PH-TAR', 'Tarlac 03', 169),
(2881, 'PH-TAW', 'Tawi-Tawi 14', 169),
(2882, 'PH-WSA', 'Western Samar 08', 169),
(2883, 'PH-ZAN', 'Zamboanga del Norte 09', 169),
(2884, 'PH-ZAS', 'Zamboanga del Sur 09', 169),
(2885, 'PH-ZMB', 'Zambales 03', 169),
(2886, 'PH-ZSI', 'Zamboanga Sibuguey [Zamboanga Sibugay] 09', 169),
(2887, 'PK-BA', 'Baluchistan (en) Balochistan (ur)', 162),
(2888, 'PK-IS', 'Islamabad', 162),
(2889, 'PK-JK', 'Azad Kashmir', 162),
(2890, 'PK-NA', 'Northern Areas', 162),
(2891, 'PK-NW', 'North-West Frontier', 162),
(2892, 'PK-PB', 'Punjab', 162),
(2893, 'PK-SD', 'Sind (en) Sindh (ur)', 162),
(2894, 'PK-TA', 'Federally Administered Tribal Areas', 162),
(2895, 'PL-DS', 'Dolnoslaskie', 171),
(2896, 'PL-KP', 'Kujawsko-pomorskie', 171),
(2897, 'PL-LB', 'Lubuskie', 171),
(2898, 'PL-LD', 'Ldzkie', 171),
(2899, 'PL-LU', 'Lubelskie', 171),
(2900, 'PL-MA', 'Malopolskie', 171),
(2901, 'PL-MZ', 'Mazowieckie', 171),
(2902, 'PL-OP', 'Opolskie', 171),
(2903, 'PL-PD', 'Podlaskie', 171),
(2904, 'PL-PK', 'Podkarpackie', 171),
(2905, 'PL-PM', 'Pomorskie', 171),
(2906, 'PL-SK', 'Swietokrzyskie', 171),
(2907, 'PL-SL', 'Slaskie', 171),
(2908, 'PL-WN', 'Warminsko-mazurskie', 171),
(2909, 'PL-WP', 'Wielkopolskie', 171),
(2910, 'PL-ZP', 'Zachodniopomorskie', 171),
(2911, 'PT-01', 'Aveiro', 172),
(2912, 'PT-02', 'Beja', 172),
(2913, 'PT-03', 'Braga', 172),
(2914, 'PT-04', 'Bragana', 172),
(2915, 'PT-05', 'Castelo Branco', 172),
(2916, 'PT-06', 'Coimbra', 172),
(2917, 'PT-07', 'vora', 172),
(2918, 'PT-08', 'Faro', 172),
(2919, 'PT-09', 'Guarda', 172),
(2920, 'PT-10', 'Leiria', 172),
(2921, 'PT-11', 'Lisboa', 172),
(2922, 'PT-12', 'Portalegre', 172),
(2923, 'PT-13', 'Porto', 172),
(2924, 'PT-14', 'Santarm', 172),
(2925, 'PT-15', 'Setbal', 172),
(2926, 'PT-16', 'Viana do Castelo', 172),
(2927, 'PT-17', 'Vila Real', 172),
(2928, 'PT-18', 'Viseu', 172),
(2929, 'PT-20', 'Regio Autnoma dos Aores', 172),
(2930, 'PT-30', 'Regio Autnoma da Madeira', 172),
(2931, 'PY-1', 'Concepcin', 167),
(2932, 'PY-10', 'Alto Paran', 167),
(2933, 'PY-11', 'Central', 167),
(2934, 'PY-12', 'eembuc', 167),
(2935, 'PY-13', 'Amambay', 167),
(2936, 'PY-14', 'Canindey', 167),
(2937, 'PY-15', 'Presidente Hayes', 167),
(2938, 'PY-16', 'Alto Paraguay', 167),
(2939, 'PY-19', 'Boquern', 167),
(2940, 'PY-2', 'San Pedro', 167),
(2941, 'PY-3', 'Cordillera', 167),
(2942, 'PY-4', 'Guair', 167),
(2943, 'PY-5', 'Caaguaz', 167),
(2944, 'PY-6', 'Caazap', 167),
(2945, 'PY-7', 'Itapa', 167),
(2946, 'PY-8', 'Misiones', 167),
(2947, 'PY-9', 'Paraguar', 167),
(2948, 'PY-ASU', 'Asuncin', 167),
(2949, 'QA-DA', 'Ad Dawhah', 174),
(2950, 'QA-GH', 'Al Ghuwayriyah', 174),
(2951, 'QA-JB', 'Jariyan al Batnah', 174),
(2952, 'QA-JU', 'Al Jumayliyah', 174),
(2953, 'QA-KH', 'Al Khawr', 174),
(2954, 'QA-MS', 'Madinat ash Shamal', 174),
(2955, 'QA-RA', 'Ar Rayyan', 174),
(2956, 'QA-US', 'Umm Salal', 174),
(2957, 'QA-WA', 'Al Wakrah', 174),
(2958, 'RO-AB', 'Alba', 176),
(2959, 'RO-AG', 'Arges', 176),
(2960, 'RO-AR', 'Arad', 176),
(2961, 'RO-B', 'Bucuresti', 176),
(2962, 'RO-BC', 'Bacau', 176),
(2963, 'RO-BH', 'Bihor', 176),
(2964, 'RO-BN', 'Bistrita-Nasaud', 176),
(2965, 'RO-BR', 'Braila', 176),
(2966, 'RO-BT', 'Botosani', 176),
(2967, 'RO-BV', 'Brasov', 176),
(2968, 'RO-BZ', 'Buzau', 176),
(2969, 'RO-CJ', 'Cluj', 176),
(2970, 'RO-CL', 'Calarasi', 176),
(2971, 'RO-CS', 'Caras-Severin', 176),
(2972, 'RO-CT', 'Constanta', 176),
(2973, 'RO-CV', 'Covasna', 176),
(2974, 'RO-DB', 'Dmbovita', 176),
(2975, 'RO-DJ', 'Dolj', 176),
(2976, 'RO-GJ', 'Gorj', 176),
(2977, 'RO-GL', 'Galati', 176),
(2978, 'RO-GR', 'Giurgiu', 176),
(2979, 'RO-HD', 'Hunedoara', 176),
(2980, 'RO-HR', 'Harghita', 176),
(2981, 'RO-IF', 'Ilfov', 176),
(2982, 'RO-IL', 'Ialomita', 176),
(2983, 'RO-IS', 'Iasi', 176),
(2984, 'RO-MH', 'Mehedinti', 176),
(2985, 'RO-MM', 'Maramures', 176),
(2986, 'RO-MS', 'Mures', 176),
(2987, 'RO-NT', 'Neamt', 176),
(2988, 'RO-OT', 'Olt', 176),
(2989, 'RO-PH', 'Prahova', 176),
(2990, 'RO-SB', 'Sibiu', 176),
(2991, 'RO-SJ', 'Salaj', 176),
(2992, 'RO-SM', 'Satu Mare', 176),
(2993, 'RO-SV', 'Suceava', 176),
(2994, 'RO-TL', 'Tulcea', 176),
(2995, 'RO-TM', 'Timis', 176),
(2996, 'RO-TR', 'Teleorman', 176),
(2997, 'RO-VL', 'Vlcea', 176),
(2998, 'RO-VN', 'Vrancea', 176),
(2999, 'RO-VS', 'Vaslui', 176),
(3000, 'RU-AD', 'Adygeya, Respublika (BGN/PCGN 1947), Adygeja, Respublika (GOST 1983)', 177),
(3001, 'RU-AGB', 'Aginskiy Buryatskiy avtonomnyy okrug (BGN/PCGN 1947), Aginskij Burjatskij avtonomnyj okrug (GOST 1983)', 177),
(3002, 'RU-AL', 'Altay, Respublika (BGN/PCGN 1947), Altaj, Respublika (GOST 1983)', 177),
(3003, 'RU-ALT', 'Altayskiy kray (BGN/PCGN 1947), Altajskij kraj (GOST 1983)', 177),
(3004, 'RU-AMU', 'Amurskaya oblast (BGN/PCGN 1947), Amurskaja oblast (GOST 1983)', 177),
(3005, 'RU-ARK', 'Arkhangel\'skaya oblast (BGN/PCGN 1947), Arhangelskaja oblast (GOST 1983)', 177),
(3006, 'RU-AST', 'Astrakhanskaya oblast (BGN/PCGN 1947), Astrahanskaja oblast (GOST 1983)', 177),
(3007, 'RU-BA', 'Bashkortostan, Respublika (BGN/PCGN 1947), Bakortostan, Respublika (GOST 1983)', 177),
(3008, 'RU-BEL', 'Belgorodskaya oblast (BGN/PCGN 1947), Belgorodskaja oblast (GOST 1983)', 177),
(3009, 'RU-BRY', 'Bryanskaya oblast (BGN/PCGN 1947), Brjanskaja oblast (GOST 1983)', 177),
(3010, 'RU-BU', 'Buryatiya, Respublika (BGN/PCGN 1947), Burjatija, Respublika (GOST 1983)', 177),
(3011, 'RU-CE', 'Chechenskaya Respublika (BGN/PCGN 1947), Cecenskaja Respublika (GOST 1983)', 177),
(3012, 'RU-CHE', 'Chelyabinskaya oblast (BGN/PCGN 1947), Celjabinskaja oblast (GOST 1983)', 177),
(3013, 'RU-CHI', 'Chitinskaya oblast (BGN/PCGN 1947), Citinskaja oblast (GOST 1983)', 177),
(3014, 'RU-CHU', 'Chukotskiy avtonomnyy okrug (BGN/PCGN 1947), C ukotskij avtonomnyj okrug (GOST 1983)', 177),
(3015, 'RU-CU', 'Chuvashskaya Respublika (BGN/PCGN 1947), Cuvaskaja Respublika (GOST 1983)', 177),
(3016, 'RU-DA', 'Dagestan, Respublika (BGN/PCGN 1947), Dagestan, Respublika (GOST 1983)', 177),
(3017, 'RU-DU', 'Udmurtskaya Respublika (BGN/PCGN 1947), Udmurtskaja Respublika (GOST 1983)', 177),
(3018, 'RU-EVE', 'Evenkiyskiy avtonomnyy okrug (BGN/PCGN 1947), venkijskij avtonomnyj okrug (GOST 1983)', 177),
(3019, 'RU-IN', 'Ingushskaya Respublika [Respublika Ingushetiya] (BGN/PCGN 1947), Inguskaja Respublika [Respublika Ingusetija] (GOST 1983)', 177),
(3020, 'RU-IRK', 'Irkutskaya oblast (BGN/PCGN 1947), Irkutskaja oblast (GOST 1983)', 177),
(3021, 'RU-IVA', 'Ivanovskaya oblast (BGN/PCGN 1947), Ivanovskaja oblast (GOST 1983)', 177),
(3022, 'RU-KAM', 'Kamchatskaya oblast(BGN/PCGN 1947), Kamcatskaja oblast (GOST 1983)', 177),
(3023, 'RU-KB', 'Kabardino-Balkarskaya Respublika (BGN/PCGN 1947), Kabardino-Balkarskaja Respublika (GOST 1983)', 177),
(3024, 'RU-KC', 'Karachayevo-Cherkesskaya Respublika (BGN/PCGN 1947), Karacajevo-Cerkesskaja Respublika (GOST 1983)', 177),
(3025, 'RU-KDA', 'Krasnodarskiy kray (BGN/PCGN 1947), Krasnodarskij kraj (GOST 1983)', 177),
(3026, 'RU-KEM', 'Kemerovskaya oblast (BGN/PCGN 1947), Kemerovskaja oblast (GOST 1983)', 177),
(3027, 'RU-KGD', 'Kaliningradskaya oblast (BGN/PCGN 1947), Kaliningradskaja oblast (GOST 1983)', 177),
(3028, 'RU-KGN', 'Kurganskaya oblast (BGN/PCGN 1947), Kurganskaja oblast (GOST 1983)', 177),
(3029, 'RU-KHA', 'Khabarovskiy kray (BGN/PCGN 1947), Habarovskij kraj (GOST 1983)', 177),
(3030, 'RU-KHM', 'Khanty-Mansiyskiy avtonomnyy okrug (BGN/PCGN 1947), Hanty-Mansijskij avtonomnyj okrug (GOST 1983)', 177),
(3031, 'RU-KIR', 'Kirovskaya oblast (BGN/PCGN 1947), Kirovskaja oblast (GOST 1983)', 177),
(3032, 'RU-KK', 'Khakasiya, Respublika (BGN/PCGN 1947), Hakasija, Respublika (GOST 1983)', 177),
(3033, 'RU-KL', 'Kalmykiya, Respublika (BGN/PCGN 1947), Kalmykija, Respublika (GOST 1983)', 177),
(3034, 'RU-KLU', 'Kaluzhskaya oblast (BGN/PCGN 1947), Kaluzskaja oblast (GOST 1983)', 177),
(3035, 'RU-KO', 'Komi, Respublika (BGN/PCGN 1947), Komi, Respublika (GOST 1983)', 177),
(3036, 'RU-KOP', 'Komi-Permyatskiy avtonomnyy okrug (BGN/PCGN 1947), Komi-Permjatskij avtonomnyj okrug (GOST 1983)', 177),
(3037, 'RU-KOR', 'Koryakskiy avtonomnyy okrug (BGN/PCGN 1947), Korjakskij avtonomnyj okrug (GOST 1983)', 177),
(3038, 'RU-KOS', 'Kostromskaya oblast (BGN/PCGN 1947), Kostromskaja oblast (GOST 1983)', 177),
(3039, 'RU-KR', 'Kareliya, Respublika (BGN/PCGN 1947), Karelija, Respublika (GOST 1983)', 177),
(3040, 'RU-KRS', 'Kurskaya oblast (BGN/PCGN 1947), Kurskaja oblast (GOST 1983)', 177),
(3041, 'RU-KYA', 'Krasnoyarskiy kray (BGN/PCGN 1947), Krasnojarskij kraj (GOST 1983)', 177),
(3042, 'RU-LEN', 'Leningradskaya oblast (BGN/PCGN 1947), Leningradskaja oblast (GOST 1983)', 177),
(3043, 'RU-LIP', 'Lipetskaya oblast (BGN/PCGN 1947), Lipetskaja oblast (GOST 1983)', 177),
(3044, 'RU-MAG', 'Magadanskaya oblast (BGN/PCGN 1947), Magadanskaja oblast (GOST 1983)', 177),
(3045, 'RU-ME', 'Mariy El, Respublika (BGN/PCGN 1947), Marij l, Respublika (GOST 1983)', 177),
(3046, 'RU-MO', 'Mordoviya, Respublika (BGN/PCGN 1947), Mordovija, Respublika', 177),
(3047, 'RU-MOS', 'Moskovskaya oblast (BGN/PCGN 1947), Moskovskaja oblast (GOST 1983)', 177),
(3048, 'RU-MOW', 'Moskva (BGN/PCGN 1947), Moskva (GOST 1983)', 177),
(3049, 'RU-MUR', 'Murmanskaya oblast (BGN/PCGN 1947), Murmanskaja oblast (GOST 1983)', 177),
(3050, 'RU-NEN', 'Nenetskiy avtonomnyy okrug (BGN/PCGN 1947), Nenetskij avtonomnyj okrug (GOST 1983)', 177),
(3051, 'RU-NGR', 'Novgorodskaya oblast (BGN/PCGN 1947), Novgorodskaja oblast (GOST 1983)', 177),
(3052, 'RU-NIZ', 'Nizhegorodskaya oblast (BGN/PCGN 1947), Niz egorodskaja oblast (GOST 1983)', 177),
(3053, 'RU-NVS', 'Novosibirskaya oblast (BGN/PCGN 1947), Novosibirskaja oblast (GOST 1983)', 177),
(3054, 'RU-OMS', 'Omskaya oblast (BGN/PCGN 1947), Omskaja oblast (GOST 1983)', 177),
(3055, 'RU-ORE', 'Orenburgskaya oblast (BGN/PCGN 1947), Orenburgskaja oblast (GOST 1983)', 177),
(3056, 'RU-ORL', 'Orlovskaya oblast (BGN/PCGN 1947), Orlovskaja oblast (GOST 1983)', 177),
(3057, 'RU-PER', 'Permskaya oblast (BGN/PCGN 1947), Permskaja oblast (GOST 1983)', 177),
(3058, 'RU-PNZ', 'Penzenskaya oblast (BGN/PCGN 1947), Penzenskaja oblast (GOST 1983)', 177),
(3059, 'RU-PRI', 'Primorskiy kray (BGN/PCGN 1947), Primorskij kraj (GOST 1983)', 177),
(3060, 'RU-PSK', 'Pskovskaya oblast (BGN/PCGN 1947), Pskovskaja oblast (GOST 1983)', 177),
(3061, 'RU-ROS', 'Rostovskaya oblast (BGN/PCGN 1947), Rostovskaja oblast (GOST 1983)', 177),
(3062, 'RU-RYA', 'Ryazanskaya oblast (BGN/PCGN 1947), Rjazanskaja oblast (GOST 1983)', 177),
(3063, 'RU-SA', 'Sakha, Respublika [Yakutiya] (BGN/PCGN 1947), Saha, Respublika [Jakutija] (GOST 1983)', 177),
(3064, 'RU-SAK', 'Sakhalinskaya oblast (BGN/PCGN 1947), Sahalinskaja oblast (GOST 1983)', 177),
(3065, 'RU-SAM', 'Samarskaya oblast (BGN/PCGN 1947), Samarskaja oblast (GOST 1983)', 177),
(3066, 'RU-SAR', 'Saratovskaya oblast (BGN/PCGN 1947), Saratovskaja oblast (GOST 1983)', 177),
(3067, 'RU-SE', 'Severnaya Osetiya, Respublika [Respublika Severnaya Osetiya-Alaniya] [Alaniya] (BGN/PCGN 1947), Severnaja Osetija, Respublika [Respublika Severnaja Osetija-Alanija] [Alanija] (GOST 1983)', 177),
(3068, 'RU-SMO', 'Smolenskaya oblast (BGN/PCGN 1947), Smolenskaja oblast (GOST 1983)', 177),
(3069, 'RU-SPE', 'Sankt-Peterburg (BGN/PCGN 1947), Sankt-Peterburg (GOST 1983)', 177),
(3070, 'RU-STA', 'Stavropol\'skiy kray (BGN/PCGN 1947), Stavropolskij kraj (GOST 1983)', 177),
(3071, 'RU-SVE', 'Sverdlovskaya oblast (BGN/PCGN 1947), Sverdlovskaja oblast (GOST 1983)', 177),
(3072, 'RU-TA', 'Tatarstan, Respublika (BGN/PCGN 1947), Tatarstan, Respublika (GOST 1983)', 177),
(3073, 'RU-TAM', 'Tambovskaya oblast (BGN/PCGN 1947), Tambovskaja oblast (GOST 1983)', 177),
(3074, 'RU-TAY', 'Taymyrskiy (Dolgano-Nenetskiy) avtonomnyy okrug (BGN/PCGN 1947), Tajmyrskij (Dolgano-Nenetski) avtonomnyj okrug (GOST 1983)', 177),
(3075, 'RU-TOM', 'Tomskaya oblast (BGN/PCGN 1947), Tomskaja oblast (GOST 1983)', 177),
(3076, 'RU-TUL', 'Tulskaya oblast (BGN/PCGN 1947), Tulskaja oblast (GOST 1983)', 177),
(3077, 'RU-TVE', 'Tverskaya oblast (BGN/PCGN 1947), Tverskaja oblast (GOST 1983)', 177),
(3078, 'RU-TY', 'Tyva, Respublika [Tuva] (BGN/PCGN 1947), Tyva, Respublika [Tuva] (GOST 1983)', 177),
(3079, 'RU-TYU', 'Tyumenskaya oblast (BGN/PCGN 1947), Tjumenskaja oblast (GOST 1983)', 177),
(3080, 'RU-ULY', 'Ulyanovskaya oblast (BGN/PCGN 1947), Uljanovskaja oblast (GOST 1983)', 177),
(3081, 'RU-UOB', 'Ust-Ordynskiy Buryatskiy avtonomnyy okrug (BGN/PCGN 1947), Ust\'-Ordynskij Burjatskij avtonomnyj okrug (GOST 1983)', 177),
(3082, 'RU-VGG', 'Volgogradskaya oblast (BGN/PCGN 1947), Volgogradskaja oblast (GOST 1983)', 177),
(3083, 'RU-VLA', 'Vladimirskaya oblast (BGN/PCGN 1947), Vladimirskaja oblast (GOST 1983)', 177),
(3084, 'RU-VLG', 'Vologodskaya oblast (BGN/PCGN 1947), Vologodskaja oblast (GOST 1983)', 177),
(3085, 'RU-VOR', 'Voronezhskaya oblast (BGN/PCGN 1947), Voronezskaja oblast (GOST 1983)', 177),
(3086, 'RU-YAN', 'Yamalo-Nenetskiy avtonomnyy okrug (BGN/PCGN 1947), Jamalo-Nenetskij avtonomnyj okrug (GOST 1983)', 177),
(3087, 'RU-YAR', 'Yaroslavskaya oblast (BGN/PCGN 1947), Jaroslavskaja oblast (GOST 1983)', 177),
(3088, 'RU-YEV', 'Yevreyskaya avtonomnaya oblast (BGN/PCGN 1947), Evrejskaja avtonomnaja oblast\' (GOST 1983)', 177),
(3089, 'RW-B', 'Gitarama', 178),
(3090, 'RW-C', 'Butare', 178),
(3091, 'RW-D', 'Gikongoro', 178),
(3092, 'RW-E', 'Cyangugu', 178),
(3093, 'RW-F', 'Kibuye', 178),
(3094, 'RW-G', 'Gisenyi', 178),
(3095, 'RW-H', 'Ruhengeri', 178),
(3096, 'RW-I', 'Byumba', 178),
(3097, 'RW-J', 'Kibungo', 178),
(3098, 'RW-K', 'Kigali-Rural Kigali y\' Icyaro', 178),
(3099, 'RW-L', 'Kigali-Ville Kigali Ngari', 178),
(3100, 'RW-M', 'Mutara', 178),
(3101, 'SA-01', 'Ar Riyad', 187),
(3102, 'SA-02', 'Makkah', 187),
(3103, 'SA-03', 'Al Madinah', 187),
(3104, 'SA-04', 'Ash Sharqiyah', 187),
(3105, 'SA-05', 'Al Qasim', 187),
(3106, 'SA-06', 'Ha\'il', 187),
(3107, 'SA-07', 'Tabuk', 187),
(3108, 'SA-08', 'Al Hudud ash Shamaliyah', 187),
(3109, 'SA-09', 'Jizan', 187),
(3110, 'SA-10', 'Najran', 187),
(3111, 'SA-11', 'Al Bahah', 187),
(3112, 'SA-12', 'Al Jawf', 187),
(3113, 'SA-14', 'Asir', 187),
(3114, 'SB-CE', 'Central', 195),
(3115, 'SB-CT', 'Capital Territory (Honiara)', 195),
(3116, 'SB-GU', 'Guadalcanal', 195),
(3117, 'SB-IS', 'Isabel', 195),
(3118, 'SB-MK', 'Makira', 195),
(3119, 'SB-ML', 'Malaita', 195),
(3120, 'SB-TE', 'Temotu', 195),
(3121, 'SB-WE', 'Western', 195),
(3122, 'SD-01', 'Ash Shamalyah', 201),
(3123, 'SD-02', 'Shamal Darfur', 201),
(3124, 'SD-03', 'Al Khartum', 201),
(3125, 'SD-04', 'An Nil', 201),
(3126, 'SD-05', 'Kassala', 201),
(3127, 'SD-06', 'Al Qadarif', 201),
(3128, 'SD-07', 'Al Jazirah', 201),
(3129, 'SD-08', 'An Nil al Abyad', 201),
(3130, 'SD-09', 'Shamal Kurdufan', 201),
(3131, 'SD-10', 'Gharb Kurdufan', 201),
(3132, 'SD-11', 'Janub Darfur', 201),
(3133, 'SD-12', 'Gharb Darfur', 201),
(3134, 'SD-13', 'Janub Kurdufan', 201),
(3135, 'SD-14', 'Gharb Bahal Ghazal', 201),
(3136, 'SD-15', 'Shamal Bahr al Ghazal', 201),
(3137, 'SD-16', 'Gharb al Istiwaiyah', 201),
(3138, 'SD-17', 'Bahr al Jabal', 201),
(3139, 'SD-18', 'Al Buhayrat', 201),
(3140, 'SD-19', 'Sharqal Istiwa\'iyah', 201),
(3141, 'SD-20', 'Junqali', 201),
(3142, 'SD-21', 'Warab', 201),
(3143, 'SD-22', 'Al Wahdah', 201),
(3144, 'SD-23', 'Aalian Nil', 201),
(3145, 'SD-24', 'An Nil al Azraq', 201),
(3146, 'SD-25', 'Sinnar', 201),
(3147, 'SD-26', 'Al Bahr al Ahmar', 201),
(3148, 'SE-AB', 'Stockholms ln [SE-01]', 205),
(3149, 'SE-AC', 'Vsterbottens ln [SE-24]', 205),
(3150, 'SE-BD', 'Norrbottens ln [SE-25]', 205),
(3151, 'SE-C', 'Uppsala ln [SE-03]', 205),
(3152, 'SE-D', 'Sdermanlands ln [SE-04]', 205),
(3153, 'SE-E', 'stergtlands ln [SE-05]', 205),
(3154, 'SE-F', 'Jnkpings ln [SE-06]', 205),
(3155, 'SE-G', 'Kronobergs ln [SE-07]', 205),
(3156, 'SE-H', 'Kalmar ln [SE-08]', 205),
(3157, 'SE-I', 'Gotlands ln [SE-09]', 205),
(3158, 'SE-K', 'Blekinge ln [SE-10]', 205),
(3159, 'SE-M', 'Skne ln [SE-12]', 205),
(3160, 'SE-N', 'Hallands ln [SE-13]', 205),
(3161, 'SE-O', 'Vstra Gtalands ln [SE-14]', 205),
(3162, 'SE-S', 'Vrmlands ln [SE-17]', 205),
(3163, 'SE-T', 'rebro ln [SE-18]', 205),
(3164, 'SE-U', 'Vstmanlands ln [SE-19]', 205),
(3165, 'SE-W', 'Dalarnas ln [SE-20]', 205),
(3166, 'SE-X', 'Gvleborgs ln [SE-21]', 205),
(3167, 'SE-Y', 'Vsternorrlands ln [SE-22]', 205),
(3168, 'SE-Z', 'Jmtlands ln [SE-23]', 205),
(3169, 'SH-AC', 'Ascension', 179),
(3170, 'SH-SH', 'Saint Helena', 179),
(3171, 'SH-TA', 'Tristan da Cunha', 179),
(3172, 'SI-01', 'Pomurska', 194),
(3173, 'SI-02', 'Podravska', 194),
(3174, 'SI-03', 'Koroka', 194),
(3175, 'SI-04', 'Savinjska', 194),
(3176, 'SI-05', 'Zasavska', 194),
(3177, 'SI-06', 'Spodnjeposavska', 194),
(3178, 'SI-07', 'Dolenjska', 194),
(3179, 'SI-08', 'Osrednjeslovenska', 194),
(3180, 'SI-09', 'Gorenjska', 194),
(3181, 'SI-10', 'Notranjsko-kraka', 194),
(3182, 'SI-11', 'Gorika', 194),
(3183, 'SI-12', 'Obalno-kraka', 194),
(3184, 'SK-BC', 'Banskobystrick kraj', 193),
(3185, 'SK-BL', 'Bratislavsk kraj', 193),
(3186, 'SK-KI', 'Koick kraj', 193),
(3187, 'SK-NI', 'Nitriansky kraj', 193),
(3188, 'SK-PV', 'Preovsk kraj', 193),
(3189, 'SK-TA', 'Trnavsk kraj', 193),
(3190, 'SK-TC', 'Trenciansky kraj', 193),
(3191, 'SK-ZI', 'Zilinsk kraj', 193),
(3192, 'SL-E', 'Eastern', 191),
(3193, 'SL-N', 'Northern', 191),
(3194, 'SL-S', 'Southern', 191),
(3195, 'SL-W', 'Western Area (Freetown)', 191),
(3196, 'SN-DB', 'Diourbel', 188),
(3197, 'SN-DK', 'Dakar', 188),
(3198, 'SN-FK', 'Fatick', 188),
(3199, 'SN-KD', 'Kolda', 188),
(3200, 'SN-KL', 'Kaolack', 188),
(3201, 'SN-LG', 'Louga', 188),
(3202, 'SN-SL', 'Saint-Louis', 188),
(3203, 'SN-TC', 'Tambacounda', 188),
(3204, 'SN-TH', 'This', 188),
(3205, 'SN-ZG', 'Ziguinchor', 188),
(3206, 'SO-AW', 'Awdal', 196),
(3207, 'SO-BK', 'Bakool', 196),
(3208, 'SO-BN', 'Banaadir', 196),
(3209, 'SO-BR', 'Bari', 196),
(3210, 'SO-BY', 'Bay', 196),
(3211, 'SO-GA', 'Galguduud', 196),
(3212, 'SO-GE', 'Gedo', 196),
(3213, 'SO-HI', 'Hiiraan', 196),
(3214, 'SO-JD', 'Jubbada Dhexe', 196),
(3215, 'SO-JH', 'Jubbada Hoose', 196),
(3216, 'SO-MU', 'Mudug', 196),
(3217, 'SO-NU', 'Nugaal', 196),
(3218, 'SO-SA', 'Sanaag', 196),
(3219, 'SO-SD', 'Shabeellaha Dhexe', 196),
(3220, 'SO-SH', 'Shabeellaha Hoose', 196),
(3221, 'SO-SO', 'Sool', 196),
(3222, 'SO-TO', 'Togdheer', 196),
(3223, 'SO-WO', 'Woqooyi Galbeed', 196),
(3224, 'SR-BR', 'Brokopondo', 202),
(3225, 'SR-CM', 'Commewijne', 202),
(3226, 'SR-CR', 'Coronie', 202),
(3227, 'SR-MA', 'Marowijne', 202),
(3228, 'SR-NI', 'Nickerie', 202),
(3229, 'SR-PM', 'Paramaribo', 202),
(3230, 'SR-PR', 'Para', 202),
(3231, 'SR-SA', 'Saramacca', 202),
(3232, 'SR-SI', 'Sipaliwini', 202),
(3233, 'SR-WA', 'Wanica', 202),
(3234, 'ST-P', 'Prncipe', 186),
(3235, 'ST-S', 'So Tom', 186),
(3236, 'SV-AH', 'Ahuachapn', 64),
(3237, 'SV-CA', 'Cabaas', 64),
(3238, 'SV-CH', 'Chalatenango', 64),
(3239, 'SV-CU', 'Cuscatln', 64),
(3240, 'SV-LI', 'La Libertad', 64),
(3241, 'SV-MO', 'Morazn', 64),
(3242, 'SV-PA', 'La Paz', 64),
(3243, 'SV-SA', 'Santa Ana', 64),
(3244, 'SV-SM', 'San Miguel', 64),
(3245, 'SV-SO', 'Sonsonate', 64),
(3246, 'SV-SS', 'San Salvador', 64),
(3247, 'SV-SV', 'San Vicente', 64),
(3248, 'SV-UN', 'La Unin', 64),
(3249, 'SV-US', 'Usulutn', 64),
(3250, 'SY-DI', 'Dimashq', 207),
(3251, 'SY-DR', 'Dara', 207),
(3252, 'SY-DY', 'Dayr az Zawr', 207),
(3253, 'SY-HA', 'Al Hasakah', 207),
(3254, 'SY-HI', 'Hims', 207),
(3255, 'SY-HL', 'Halab', 207),
(3256, 'SY-HM', 'Hamah', 207),
(3257, 'SY-ID', 'Idlib', 207),
(3258, 'SY-LA', 'Al Ladhiqiyah', 207),
(3259, 'SY-QU', 'Al Qunaytirah', 207),
(3260, 'SY-RA', 'Ar Raqqah', 207),
(3261, 'SY-RD', 'Rif Dimashq', 207),
(3262, 'SY-SU', 'As Suwayda', 207),
(3263, 'SY-TA', 'Tartus', 207),
(3264, 'SZ-HH', 'Hhohho', 204),
(3265, 'SZ-LU', 'Lubombo', 204),
(3266, 'SZ-MA', 'Manzini', 204),
(3267, 'SZ-SH', 'Shiselweni', 204),
(3268, 'TD-BA', 'Batha', 42),
(3269, 'TD-BET', 'Borkou-Ennedi-Tibesti', 42),
(3270, 'TD-BI', 'Biltine', 42),
(3271, 'TD-CB', 'Chari-Baguirmi', 42),
(3272, 'TD-GR', 'Gura', 42),
(3273, 'TD-KA', 'Kanem', 42),
(3274, 'TD-LC', 'Lac', 42),
(3275, 'TD-LO', 'Logone-Occidental', 42),
(3276, 'TD-LR', 'Logone-Oriental', 42),
(3277, 'TD-MC', 'Moyen-Chari', 42),
(3278, 'TD-MK', 'Mayo-Kbbi', 42),
(3279, 'TD-OD', 'Ouadda', 42),
(3280, 'TD-SA', 'Salamat', 42),
(3281, 'TD-TA', 'Tandjil', 42),
(3282, 'TG-C', 'Centre', 213),
(3283, 'TG-K', 'Kara', 213),
(3284, 'TG-M', 'Maritime (Rgion)', 213),
(3285, 'TG-P', 'Plateaux', 213),
(3286, 'TG-S', 'Savannes', 213),
(3287, 'TH-10', 'Krung Thep Maha Nakhon [Bangkok]', 211),
(3288, 'TH-11', 'Samut Prakan', 211),
(3289, 'TH-12', 'Nonthaburi', 211),
(3290, 'TH-13', 'Pathum Thani', 211),
(3291, 'TH-14', 'Phra Nakhon Si Ayutthaya', 211),
(3292, 'TH-15', 'Ang Thong', 211),
(3293, 'TH-16', 'Lop Buri', 211),
(3294, 'TH-17', 'Sing Buri', 211),
(3295, 'TH-18', 'Chai Nat', 211),
(3296, 'TH-19', 'Saraburi', 211),
(3297, 'TH-20', 'Chon Buri', 211),
(3298, 'TH-21', 'Rayong', 211),
(3299, 'TH-22', 'Chanthaburi', 211),
(3300, 'TH-23', 'Trat', 211),
(3301, 'TH-24', 'Chachoengsao', 211),
(3302, 'TH-25', 'Prachin Buri', 211),
(3303, 'TH-26', 'Nakhon Nayok', 211),
(3304, 'TH-27', 'Sa Kaeo', 211),
(3305, 'TH-30', 'Nakhon Ratchasima', 211),
(3306, 'TH-31', 'Buri Ram', 211),
(3307, 'TH-32', 'Surin', 211),
(3308, 'TH-33', 'Si Sa Ket', 211),
(3309, 'TH-34', 'Ubon Ratchathani', 211),
(3310, 'TH-35', 'Yasothon', 211),
(3311, 'TH-36', 'Chaiyaphum', 211),
(3312, 'TH-37', 'Amnat Charoen', 211),
(3313, 'TH-39', 'Nong Bua Lam Phu', 211),
(3314, 'TH-40', 'Khon Kaen', 211),
(3315, 'TH-41', 'Udon Thani', 211),
(3316, 'TH-42', 'Loei', 211),
(3317, 'TH-43', 'Nong Khai', 211),
(3318, 'TH-44', 'Maha Sarakham', 211),
(3319, 'TH-45', 'Roi Et', 211),
(3320, 'TH-46', 'Kalasin', 211),
(3321, 'TH-47', 'Sakon Nakhon', 211),
(3322, 'TH-48', 'Nakhon Phanom', 211),
(3323, 'TH-49', 'Mukdahan', 211),
(3324, 'TH-50', 'Chiang Mai', 211),
(3325, 'TH-51', 'Lamphun', 211),
(3326, 'TH-52', 'Lampang', 211),
(3327, 'TH-53', 'Uttaradit', 211),
(3328, 'TH-54', 'Phrae', 211),
(3329, 'TH-55', 'Nan', 211),
(3330, 'TH-56', 'Phayao', 211),
(3331, 'TH-57', 'Chiang Rai', 211),
(3332, 'TH-58', 'Mae Hong Son', 211),
(3333, 'TH-60', 'Nakhon Sawan', 211),
(3334, 'TH-61', 'Uthai Thani', 211),
(3335, 'TH-62', 'Kamphaeng Phet', 211),
(3336, 'TH-63', 'Tak', 211),
(3337, 'TH-64', 'Sukhothai', 211),
(3338, 'TH-65', 'Phitsanulok', 211),
(3339, 'TH-66', 'Phichit', 211),
(3340, 'TH-67', 'Phetchabun', 211),
(3341, 'TH-70', 'Ratchaburi', 211),
(3342, 'TH-71', 'Kanchanaburi', 211),
(3343, 'TH-72', 'Suphan Buri', 211),
(3344, 'TH-73', 'Nakhon Pathom', 211),
(3345, 'TH-74', 'Samut Sakhon', 211),
(3346, 'TH-75', 'Samut Songkhram', 211),
(3347, 'TH-76', 'Phetchaburi', 211),
(3348, 'TH-77', 'Prachuap Khiri Khan', 211),
(3349, 'TH-80', 'Nakhon Si Thammarat', 211),
(3350, 'TH-81', 'Krabi', 211),
(3351, 'TH-82', 'Phangnga', 211),
(3352, 'TH-83', 'Phuket', 211),
(3353, 'TH-84', 'Surat Thani', 211),
(3354, 'TH-85', 'Ranong', 211),
(3355, 'TH-86', 'Chumphon', 211),
(3356, 'TH-90', 'Songkhla', 211),
(3357, 'TH-91', 'Satun', 211),
(3358, 'TH-92', 'Trang', 211),
(3359, 'TH-93', 'Phatthalung', 211),
(3360, 'TH-94', 'Pattani', 211),
(3361, 'TH-95', 'Yala', 211),
(3362, 'TH-96', 'Narathiwat', 211),
(3363, 'TH-S', 'Phatthaya', 211),
(3364, 'TJ-GB', 'Gorno-Badakhshan [Kuhistoni Badakhshon]', 209),
(3365, 'TJ-KT', 'Khatlon', 209),
(3366, 'TJ-SU', 'Sughd', 209),
(3367, 'TL-AL', 'Aileu', 212),
(3368, 'TL-AN', 'Ainaro', 212),
(3369, 'TL-BA', 'Baucau', 212),
(3370, 'TL-BO', 'Bobonaro', 212),
(3371, 'TL-CO', 'Cova Lima', 212),
(3372, 'TL-DI', 'Dili', 212),
(3373, 'TL-ER', 'Ermera', 212),
(3374, 'TL-LA', 'Lautem', 212),
(3375, 'TL-LI', 'Liquica', 212),
(3376, 'TL-MF', 'Manufahi', 212),
(3377, 'TL-MT', 'Manatuto', 212),
(3378, 'TL-OE', 'Oecussi', 212),
(3379, 'TL-VI', 'Viqueque', 212),
(3380, 'TM-A', 'Ahal', 219),
(3381, 'TM-B', 'Balkan', 219),
(3382, 'TM-D', 'Dasoguz', 219),
(3383, 'TM-L', 'Lebap', 219),
(3384, 'TM-M', 'Mary', 219),
(3385, 'TN-11', 'Tunis', 217),
(3386, 'TN-12', 'L\'Ariana', 217),
(3387, 'TN-13', 'Ben Arous', 217),
(3388, 'TN-21', 'Nabeul', 217),
(3389, 'TN-22', 'Zaghouan', 217),
(3390, 'TN-23', 'Bizerte', 217),
(3391, 'TN-31', 'Bja', 217),
(3392, 'TN-32', 'Jendouba', 217),
(3393, 'TN-33', 'Le Kef', 217),
(3394, 'TN-34', 'Siliana', 217),
(3395, 'TN-41', 'Kairouan', 217),
(3396, 'TN-42', 'Kasserine', 217),
(3397, 'TN-43', 'Sidi Bouzid', 217),
(3398, 'TN-51', 'Sousse', 217),
(3399, 'TN-52', 'Monastir', 217),
(3400, 'TN-53', 'Mahdia', 217),
(3401, 'TN-61', 'Sfax', 217),
(3402, 'TN-71', 'Gafsa', 217),
(3403, 'TN-72', 'Tozeur', 217),
(3404, 'TN-73', 'Kebili', 217),
(3405, 'TN-81', 'Gabs', 217),
(3406, 'TN-82', 'Medenine', 217),
(3407, 'TN-83', 'Tataouine', 217),
(3408, 'TR-01', 'Adana', 218),
(3409, 'TR-02', 'Adiyaman', 218),
(3410, 'TR-03', 'Afyon', 218),
(3411, 'TR-04', 'Agri', 218),
(3412, 'TR-05', 'Amasya', 218),
(3413, 'TR-06', 'Ankara', 218),
(3414, 'TR-07', 'Antalya', 218),
(3415, 'TR-08', 'Artvin', 218),
(3416, 'TR-09', 'Aydin', 218),
(3417, 'TR-10', 'Balikesir', 218),
(3418, 'TR-11', 'Bilecik', 218),
(3419, 'TR-12', 'Bingl', 218),
(3420, 'TR-13', 'Bitlis', 218),
(3421, 'TR-14', 'Bolu', 218),
(3422, 'TR-15', 'Burdur', 218),
(3423, 'TR-16', 'Bursa', 218),
(3424, 'TR-17', 'anakkale', 218),
(3425, 'TR-18', 'ankiri', 218),
(3426, 'TR-19', 'orum', 218),
(3427, 'TR-20', 'Denizli', 218),
(3428, 'TR-21', 'Diyarbakir', 218),
(3429, 'TR-22', 'Edirne', 218),
(3430, 'TR-23', 'Elazig', 218),
(3431, 'TR-24', 'Erzincan', 218),
(3432, 'TR-25', 'Erzurum', 218),
(3433, 'TR-26', 'Eskisehir', 218),
(3434, 'TR-27', 'Gaziantep', 218),
(3435, 'TR-28', 'Giresun', 218),
(3436, 'TR-29', 'Gmshane', 218),
(3437, 'TR-30', 'Hakkari', 218),
(3438, 'TR-31', 'Hatay', 218),
(3439, 'TR-32', 'Isparta', 218),
(3440, 'TR-33', 'Iel', 218),
(3441, 'TR-34', 'Istanbul', 218),
(3442, 'TR-35', 'Izmir', 218),
(3443, 'TR-36', 'Kars', 218),
(3444, 'TR-37', 'Kastamonu', 218),
(3445, 'TR-38', 'Kayseri', 218),
(3446, 'TR-39', 'Kirklareli', 218),
(3447, 'TR-40', 'Kirsehir', 218),
(3448, 'TR-41', 'Kocaeli', 218),
(3449, 'TR-42', 'Konya', 218),
(3450, 'TR-43', 'Ktahya', 218),
(3451, 'TR-44', 'Malatya', 218),
(3452, 'TR-45', 'Manisa', 218),
(3453, 'TR-46', 'Kahramanmaras', 218),
(3454, 'TR-47', 'Mardin', 218),
(3455, 'TR-48', 'Mugla', 218),
(3456, 'TR-49', 'Mus', 218),
(3457, 'TR-50', 'Nevsehir', 218),
(3458, 'TR-51', 'Nigde', 218),
(3459, 'TR-52', 'Ordu', 218),
(3460, 'TR-53', 'Rize', 218),
(3461, 'TR-54', 'Sakarya', 218),
(3462, 'TR-55', 'Samsun', 218),
(3463, 'TR-56', 'Siirt', 218),
(3464, 'TR-57', 'Sinop', 218),
(3465, 'TR-58', 'Sivas', 218),
(3466, 'TR-59', 'Tekirdag', 218),
(3467, 'TR-60', 'Tokat', 218),
(3468, 'TR-61', 'Trabzon', 218),
(3469, 'TR-62', 'Tunceli', 218),
(3470, 'TR-63', 'Sanliurfa', 218),
(3471, 'TR-64', 'Usak', 218),
(3472, 'TR-65', 'Van', 218),
(3473, 'TR-66', 'Yozgat', 218),
(3474, 'TR-67', 'Zonguldak', 218),
(3475, 'TR-68', 'Aksaray', 218),
(3476, 'TR-69', 'Bayburt', 218),
(3477, 'TR-70', 'Karaman', 218),
(3478, 'TR-71', 'Kirikkale', 218),
(3479, 'TR-72', 'Batman', 218),
(3480, 'TR-73', 'Sirnak', 218),
(3481, 'TR-74', 'Bartin', 218),
(3482, 'TR-75', 'Ardahan', 218),
(3483, 'TR-76', 'Igdir', 218),
(3484, 'TR-77', 'Yalova', 218),
(3485, 'TR-78', 'Karabk', 218),
(3486, 'TR-79', 'Kilis', 218),
(3487, 'TR-80', 'Osmaniye', 218),
(3488, 'TR-81', 'Dzce', 218),
(3489, 'TT-ARI', 'Arima', 216),
(3490, 'TT-CHA', 'Chaguanas', 216),
(3491, 'TT-CTT', 'Couva-Tabaquite-Talparo', 216),
(3492, 'TT-DMN', 'Diego Martin', 216),
(3493, 'TT-ETO', 'Eastern Tobago', 216),
(3494, 'TT-PED', 'Penal-Debe', 216),
(3495, 'TT-POS', 'Port of Spain', 216),
(3496, 'TT-PRT', 'Princes Town', 216),
(3497, 'TT-PTF', 'Point Fortin', 216),
(3498, 'TT-RCM', 'Rio Claro-Mayaro', 216),
(3499, 'TT-SFO', 'San Fernando', 216),
(3500, 'TT-SGE', 'Sangre Grande', 216),
(3501, 'TT-SIP', 'Siparia', 216),
(3502, 'TT-SJL', 'San Juan-Laventille', 216),
(3503, 'TT-TUP', 'Tunapuna-Piarco', 216),
(3504, 'TT-WTO', 'Western Tobago', 216),
(3505, 'TW-CHA', 'Changhua', 208),
(3506, 'TW-CYQ', 'Chiayi', 208),
(3507, 'TW-HSQ', 'Hsinchu', 208),
(3508, 'TW-HUA', 'Hualien', 208),
(3509, 'TW-ILA', 'Ilan', 208),
(3510, 'TW-KEE', 'Keelung', 208),
(3511, 'TW-KHQ', 'Kaohsiung', 208),
(3512, 'TW-MIA', 'Miaoli', 208),
(3513, 'TW-NAN', 'Nantou', 208),
(3514, 'TW-PEN', 'Penghu', 208),
(3515, 'TW-PIF', 'Pingtung', 208),
(3516, 'TW-TAO', 'Taoyuan', 208),
(3517, 'TW-TNQ', 'Tainan', 208),
(3518, 'TW-TPQ', 'Taipei', 208),
(3519, 'TW-TTT', 'Taitung', 208),
(3520, 'TW-TXQ', 'Taichung', 208),
(3521, 'TW-YUN', 'Yunlin', 208),
(3522, 'TZ-01', 'Arusha', 210),
(3523, 'TZ-02', 'Dar-es-Salaam', 210),
(3524, 'TZ-03', 'Dodoma', 210),
(3525, 'TZ-04', 'Iringa', 210),
(3526, 'TZ-05', 'Kagera', 210),
(3527, 'TZ-06', 'Kaskazini Pemba Pemba North', 210),
(3528, 'TZ-07', 'Kaskazini Unguja Zanzibar North', 210),
(3529, 'TZ-08', 'Kigoma', 210),
(3530, 'TZ-09', 'Kilimanjaro', 210),
(3531, 'TZ-10', 'Kusini Pemba Pemba South', 210),
(3532, 'TZ-11', 'Kusini Unguja Zanzibar South', 210),
(3533, 'TZ-12', 'Lindi', 210),
(3534, 'TZ-13', 'Mara', 210),
(3535, 'TZ-14', 'Mbeya', 210),
(3536, 'TZ-15', 'Mjini Magharibi Zanzibar West', 210),
(3537, 'TZ-16', 'Morogoro', 210),
(3538, 'TZ-17', 'Mtwara', 210),
(3539, 'TZ-18', 'Mwanza', 210),
(3540, 'TZ-19', 'Pwani Coast', 210),
(3541, 'TZ-20', 'Rukwa', 210),
(3542, 'TZ-21', 'Ruvuma', 210),
(3543, 'TZ-22', 'Shinyanga', 210),
(3544, 'TZ-23', 'Singida', 210),
(3545, 'TZ-24', 'Tabora', 210),
(3546, 'TZ-25', 'Tanga', 210),
(3547, 'UA-05', 'Vinnytska Oblast', 223),
(3548, 'UA-07', 'Volynska Oblast', 223),
(3549, 'UA-09', 'Luhanska Oblast', 223),
(3550, 'UA-12', 'Dnipropetrovska Oblast', 223),
(3551, 'UA-14', 'Donetska Oblast', 223),
(3552, 'UA-18', 'Zhytomyrska Oblast', 223),
(3553, 'UA-21', 'Zakarpatska Oblast', 223),
(3554, 'UA-23', 'Zaporizka Oblast', 223),
(3555, 'UA-26', 'Ivano-Frankivska Oblast', 223),
(3556, 'UA-30', 'Kyv', 223),
(3557, 'UA-32', 'Kyvska Oblast', 223),
(3558, 'UA-35', 'Kirovohradska Oblast', 223),
(3559, 'UA-40', 'Sevastopol', 223),
(3560, 'UA-43', 'Respublika Krym', 223),
(3561, 'UA-46', 'Lvivska Oblast', 223),
(3562, 'UA-48', 'Mykolavska Oblast', 223),
(3563, 'UA-51', 'Odeska Oblast', 223),
(3564, 'UA-53', 'Poltavska Oblast', 223),
(3565, 'UA-56', 'Rivnenska Oblast', 223),
(3566, 'UA-59', 'Sumska Oblast', 223),
(3567, 'UA-61', 'Ternopilska Oblast', 223),
(3568, 'UA-63', 'Kharkivska Oblast', 223),
(3569, 'UA-65', 'Khersonska Oblast', 223),
(3570, 'UA-68', 'Khmelnytska Oblast', 223),
(3571, 'UA-71', 'Cherkaska Oblast', 223),
(3572, 'UA-74', 'Chernihivska Oblast', 223),
(3573, 'UA-77', 'Chernivetska Oblast', 223),
(3574, 'UG-AJM', 'Adjumani N', 222),
(3575, 'UG-APA', 'Apac N', 222),
(3576, 'UG-ARU', 'Arua N', 222),
(3577, 'UG-BUA', 'Busia E', 222),
(3578, 'UG-BUG', 'Bugiri E', 222),
(3579, 'UG-BUN', 'Bundibugyo W', 222),
(3580, 'UG-BUS', 'Bushenyi W', 222),
(3581, 'UG-C', 'Central', 222),
(3582, 'UG-E', 'Eastern', 222),
(3583, 'UG-GUL', 'Gulu N', 222),
(3584, 'UG-HOI', 'Hoima W', 222),
(3585, 'UG-IGA', 'Iganga E', 222),
(3586, 'UG-JIN', 'Jinja E', 222),
(3587, 'UG-KAP', 'Kapchorwa E', 222),
(3588, 'UG-KAS', 'Kasese W', 222),
(3589, 'UG-KAT', 'Katakwi E', 222),
(3590, 'UG-KBL', 'Kabale W', 222),
(3591, 'UG-KBR', 'Kabarole W', 222),
(3592, 'UG-KIB', 'Kiboga C', 222),
(3593, 'UG-KIS', 'Kisoro W', 222),
(3594, 'UG-KIT', 'Kitgum N', 222),
(3595, 'UG-KLA', 'Kampala C', 222),
(3596, 'UG-KLE', 'Kibaale W', 222),
(3597, 'UG-KLG', 'Kalangala C', 222),
(3598, 'UG-KLI', 'Kamuli E', 222),
(3599, 'UG-KOT', 'Kotido N', 222),
(3600, 'UG-KUM', 'Kumi E', 222),
(3601, 'UG-LIR', 'Lira N', 222),
(3602, 'UG-LUW', 'Luwero C', 222),
(3603, 'UG-MBL', 'Mbale E', 222),
(3604, 'UG-MBR', 'Mbarara W', 222),
(3605, 'UG-MOR', 'Moroto N', 222),
(3606, 'UG-MOY', 'Moyo N', 222),
(3607, 'UG-MPI', 'Mpigi C', 222),
(3608, 'UG-MSI', 'Masindi W', 222),
(3609, 'UG-MSK', 'Masaka C', 222),
(3610, 'UG-MUB', 'Mubende C', 222),
(3611, 'UG-MUK', 'Mukono C', 222),
(3612, 'UG-N', 'Northern', 222),
(3613, 'UG-NAK', 'Nakasongola C', 222),
(3614, 'UG-NEB', 'Nebbi N', 222),
(3615, 'UG-NTU', 'Ntungamo W', 222),
(3616, 'UG-PAL', 'Pallisa E', 222),
(3617, 'UG-RAK', 'Rakai C', 222),
(3618, 'UG-RUK', 'Rukungiri W', 222),
(3619, 'UG-SEM', 'Sembabule C', 222),
(3620, 'UG-SOR', 'Soroti E', 222),
(3621, 'UG-TOR', 'Tororo E', 222),
(3622, 'UG-W', 'Western', 222),
(3623, 'UM-67', 'Johnston Atoll', 227),
(3624, 'UM-71', 'Midway Islands', 227),
(3625, 'UM-76', 'Navassa Island', 227),
(3626, 'UM-79', 'Wake Island', 227),
(3627, 'UM-81', 'Baker Island', 227),
(3628, 'UM-84', 'Howland Island', 227),
(3629, 'UM-86', 'Jarvis Island', 227),
(3630, 'UM-89', 'Kingman Reef', 227),
(3631, 'UM-95', 'Palmyra Atoll', 227),
(3632, 'US-AK', 'Alaska', 226),
(3633, 'US-AL', 'Alabama', 226),
(3634, 'US-AR', 'Arkansas', 226),
(3635, 'US-AS', 'American Samoa', 226),
(3636, 'US-AZ', 'Arizona', 226),
(3637, 'US-CA', 'California', 226),
(3638, 'US-CO', 'Colorado', 226),
(3639, 'US-CT', 'Connecticut', 226),
(3640, 'US-DC', 'District of Columbia', 226),
(3641, 'US-DE', 'Delaware', 226),
(3642, 'US-FL', 'Florida', 226),
(3643, 'US-GA', 'Georgia', 226),
(3644, 'US-GU', 'Guam', 226),
(3645, 'US-HI', 'Hawaii', 226),
(3646, 'US-IA', 'Iowa', 226),
(3647, 'US-ID', 'Idaho', 226),
(3648, 'US-IL', 'Illinois', 226),
(3649, 'US-IN', 'Indiana', 226),
(3650, 'US-KS', 'Kansas', 226),
(3651, 'US-KY', 'Kentucky', 226),
(3652, 'US-LA', 'Louisiana', 226),
(3653, 'US-MA', 'Massachusetts', 226),
(3654, 'US-MD', 'Maryland', 226),
(3655, 'US-ME', 'Maine', 226),
(3656, 'US-MI', 'Michigan', 226),
(3657, 'US-MN', 'Minnesota', 226),
(3658, 'US-MO', 'Missouri', 226),
(3659, 'US-MP', 'Northern Mariana Islands', 226),
(3660, 'US-MS', 'Mississippi', 226),
(3661, 'US-MT', 'Montana', 226),
(3662, 'US-NC', 'North Carolina', 226),
(3663, 'US-ND', 'North Dakota', 226),
(3664, 'US-NE', 'Nebraska', 226),
(3665, 'US-NH', 'New Hampshire', 226),
(3666, 'US-NJ', 'New Jersey', 226),
(3667, 'US-NM', 'New Mexico', 226),
(3668, 'US-NV', 'Nevada', 226),
(3669, 'US-NY', 'New York', 226),
(3670, 'US-OH', 'Ohio', 226),
(3671, 'US-OK', 'Oklahoma', 226),
(3672, 'US-OR', 'Oregon', 226),
(3673, 'US-PA', 'Pennsylvania', 226),
(3674, 'US-PR', 'Puerto Rico', 226),
(3675, 'US-RI', 'Rhode Island', 226),
(3676, 'US-SC', 'South Carolina', 226),
(3677, 'US-SD', 'South Dakota', 226),
(3678, 'US-TN', 'Tennessee', 226),
(3679, 'US-TX', 'Texas', 226),
(3680, 'US-UM', 'United States Minor Outlying Islands', 226),
(3681, 'US-UT', 'Utah', 226),
(3682, 'US-VA', 'Virginia', 226),
(3683, 'US-VI', 'Virgin Islands, U.S.', 226),
(3684, 'US-VT', 'Vermont', 226),
(3685, 'US-WA', 'Washington', 226),
(3686, 'US-WI', 'Wisconsin', 226),
(3687, 'US-WV', 'West Virginia', 226),
(3688, 'US-WY', 'Wyoming', 226),
(3689, 'UY-AR', 'Artigas', 228),
(3690, 'UY-CA', 'Canelones', 228),
(3691, 'UY-CL', 'Cerro Largo', 228),
(3692, 'UY-CO', 'Colonia', 228),
(3693, 'UY-DU', 'Durazno', 228),
(3694, 'UY-FD', 'Florida', 228),
(3695, 'UY-FS', 'Flores', 228),
(3696, 'UY-LA', 'Lavalleja', 228),
(3697, 'UY-MA', 'Maldonado', 228),
(3698, 'UY-MO', 'Montevideo', 228),
(3699, 'UY-PA', 'Paysand', 228),
(3700, 'UY-RN', 'Ro Negro', 228),
(3701, 'UY-RO', 'Rocha', 228),
(3702, 'UY-RV', 'Rivera', 228),
(3703, 'UY-SA', 'Salto', 228),
(3704, 'UY-SJ', 'San Jos', 228),
(3705, 'UY-SO', 'Soriano', 228),
(3706, 'UY-TA', 'Tacuaremb', 228),
(3707, 'UY-TT', 'Treinta y Tres', 228),
(3708, 'UZ-AN', 'Andijon', 229),
(3709, 'UZ-BU', 'Buxoro', 229),
(3710, 'UZ-FA', 'Farg\'ona', 229),
(3711, 'UZ-JI', 'Jizzax', 229),
(3712, 'UZ-NG', 'Namangan', 229),
(3713, 'UZ-NW', 'Navoiy', 229),
(3714, 'UZ-QA', 'Qashqadaryo', 229),
(3715, 'UZ-QR', 'Qoraqalpog\'iston Respublikasi', 229),
(3716, 'UZ-SA', 'Samarqand', 229),
(3717, 'UZ-SI', 'Sirdaryo', 229),
(3718, 'UZ-SU', 'Surxondaryo', 229),
(3719, 'UZ-TK', 'Toshkent', 229),
(3720, 'UZ-TO', 'Toshkent', 229),
(3721, 'UZ-XO', 'Xorazm', 229),
(3722, 'VE-A', 'Distrito Federal', 231),
(3723, 'VE-B', 'Anzotegui', 231),
(3724, 'VE-C', 'Apure', 231),
(3725, 'VE-D', 'Aragua', 231),
(3726, 'VE-E', 'Barinas', 231),
(3727, 'VE-F', 'Bolvar', 231),
(3728, 'VE-G', 'Carabobo', 231),
(3729, 'VE-H', 'Cojedes', 231),
(3730, 'VE-I', 'Falcn', 231),
(3731, 'VE-J', 'Gurico', 231),
(3732, 'VE-K', 'Lara', 231),
(3733, 'VE-L', 'Mrida', 231),
(3734, 'VE-M', 'Miranda', 231),
(3735, 'VE-N', 'Monagas', 231),
(3736, 'VE-O', 'Nueva Esparta', 231),
(3737, 'VE-P', 'Portuguesa', 231),
(3738, 'VE-R', 'Sucre', 231),
(3739, 'VE-S', 'Tchira', 231),
(3740, 'VE-T', 'Trujillo', 231),
(3741, 'VE-U', 'Yaracuy', 231),
(3742, 'VE-V', 'Zulia', 231),
(3743, 'VE-W', 'Dependencias Federales', 231),
(3744, 'VE-X', 'Vargas', 231),
(3745, 'VE-Y', 'Delta Amacuro', 231),
(3746, 'VE-Z', 'Amazonas', 231),
(3747, 'VN-01', 'Lai Chau', 232),
(3748, 'VN-02', 'Lao Cai', 232),
(3749, 'VN-03', 'Ha Giang', 232),
(3750, 'VN-04', 'Cao Bang', 232),
(3751, 'VN-05', 'Son La', 232),
(3752, 'VN-06', 'Yen Bai', 232),
(3753, 'VN-07', 'Tuyen Quang', 232),
(3754, 'VN-09', 'Lang Son', 232),
(3755, 'VN-13', 'Quang Ninh', 232),
(3756, 'VN-14', 'Hoa Binh', 232),
(3757, 'VN-15', 'Ha Tay', 232),
(3758, 'VN-18', 'Ninh Binh', 232),
(3759, 'VN-20', 'Thai Binh', 232),
(3760, 'VN-21', 'Thanh Hoa', 232),
(3761, 'VN-22', 'Nghe An', 232),
(3762, 'VN-23', 'Ha Tinh', 232),
(3763, 'VN-24', 'Quang Binh', 232),
(3764, 'VN-25', 'Quang Tri', 232),
(3765, 'VN-26', 'Thua Thien-Hue', 232),
(3766, 'VN-27', 'Quang Nam', 232),
(3767, 'VN-28', 'Kon Tum', 232),
(3768, 'VN-29', 'Quang Ngai', 232),
(3769, 'VN-30', 'Gia Lai', 232),
(3770, 'VN-31', 'Binh Dinh', 232),
(3771, 'VN-32', 'Phu Yen', 232),
(3772, 'VN-33', 'Dac Lac', 232),
(3773, 'VN-34', 'Khanh Hoa', 232),
(3774, 'VN-35', 'Lam Dong', 232),
(3775, 'VN-36', 'Ninh Thuan', 232),
(3776, 'VN-37', 'Tay Ninh', 232),
(3777, 'VN-39', 'Dong Nai', 232),
(3778, 'VN-40', 'Binh Thuan', 232),
(3779, 'VN-41', 'Long An', 232),
(3780, 'VN-43', 'Ba Ria - Vung Tau', 232),
(3781, 'VN-44', 'An Giang', 232),
(3782, 'VN-45', 'Dong Thap', 232),
(3783, 'VN-46', 'Tien Giang', 232),
(3784, 'VN-47', 'Kien Giang', 232),
(3785, 'VN-48', 'Can Tho', 232),
(3786, 'VN-49', 'Vinh Long', 232),
(3787, 'VN-50', 'Ben Tre', 232),
(3788, 'VN-51', 'Tra Vinh', 232),
(3789, 'VN-52', 'Soc Trang', 232),
(3790, 'VN-53', 'Bac Can', 232),
(3791, 'VN-54', 'Bac Giang', 232),
(3792, 'VN-55', 'Bac Lieu', 232),
(3793, 'VN-56', 'Bac Ninh', 232),
(3794, 'VN-57', 'Binh Duong', 232),
(3795, 'VN-58', 'Binh Phuoc', 232),
(3796, 'VN-59', 'Ca Mau', 232),
(3797, 'VN-60', 'Da Nang, thanh pho', 232),
(3798, 'VN-61', 'Hai Duong', 232),
(3799, 'VN-62', 'Hai Phong, thanh pho', 232),
(3800, 'VN-63', 'Ha Nam', 232),
(3801, 'VN-64', 'Ha Noi, thu do', 232),
(3802, 'VN-65', 'Ho Chi Minh, thanh pho [Sai Gon]', 232),
(3803, 'VN-66', 'Hung Yen', 232),
(3804, 'VN-67', 'Nam Dinh', 232),
(3805, 'VN-68', 'Phu Tho', 232),
(3806, 'VN-69', 'Thai Nguyen', 232),
(3807, 'VN-70', 'Vinh Phuc', 232),
(3808, 'VU-MAP', 'Malampa', 230),
(3809, 'VU-PAM', 'Pnama', 230),
(3810, 'VU-SAM', 'Sanma', 230),
(3811, 'VU-SEE', 'Shfa', 230),
(3812, 'VU-TAE', 'Tafa', 230),
(3813, 'VU-TOB', 'Torba', 230),
(3814, 'WS-AA', 'Aana', 184),
(3815, 'WS-AL', 'Aiga-i-le-Tai', 184),
(3816, 'WS-AT', 'Atua', 184),
(3817, 'WS-FA', 'Faasaleleaga', 184),
(3818, 'WS-GE', 'Gagaemauga', 184),
(3819, 'WS-GI', 'Gagaifomauga', 184),
(3820, 'WS-PA', 'Palauli', 184),
(3821, 'WS-SA', 'Satupaitea', 184),
(3822, 'WS-TU', 'Tuamasaga', 184),
(3823, 'WS-VF', 'Vaa-o-Fonoti', 184),
(3824, 'WS-VS', 'Vaisigano', 184),
(3825, 'YE-AB', 'Abyan', 237),
(3826, 'YE-AD', 'Adan', 237),
(3827, 'YE-AM', 'Amran', 237),
(3828, 'YE-BA', 'Al Bayda', 237),
(3829, 'YE-DA', 'Adh Dhali', 237),
(3830, 'YE-DH', 'Dhamar', 237),
(3831, 'YE-HD', 'Hadramawt', 237),
(3832, 'YE-HJ', 'Hajjah', 237),
(3833, 'YE-HU', 'Al Hudaydah', 237),
(3834, 'YE-IB', 'Ibb', 237),
(3835, 'YE-JA', 'Al Jawf', 237),
(3836, 'YE-LA', 'Lahij', 237),
(3837, 'YE-MA', 'Marib', 237),
(3838, 'YE-MR', 'Al Mahrah', 237),
(3839, 'YE-MW', 'Al Mahwit', 237),
(3840, 'YE-SD', 'Sadah', 237),
(3841, 'YE-SH', 'Shabwah', 237),
(3842, 'YE-SN', 'Sana', 237),
(3843, 'YE-TA', 'Taizz', 237),
(3845, 'RS-KM', 'Kosovo-Metohija YU-SR', 240),
(3847, 'RS-VO', 'Vojvodina', 240),
(3848, 'ZA-EC', 'Eastern Cape (en), Oos-Kaap (af)', 197),
(3849, 'ZA-FS', 'Free State (en), Vrystaat (af)', 197),
(3850, 'ZA-GT', 'Gauteng', 197),
(3851, 'ZA-MP', 'Mpumalanga', 197),
(3852, 'ZA-NC', 'Northern Cape (en), Noord-Kaap (af)', 197),
(3853, 'ZA-NL', 'Kwazulu-Natal', 197),
(3854, 'ZA-NP', 'Northern Province (en), Noordelike Provinsie (af)', 197),
(3855, 'ZA-NW', 'North-West (en), Noord-Wes (af)', 197),
(3856, 'ZA-WC', 'Western Cape (en), Wes-Kaap (af)', 197),
(3857, 'ZM-01', 'Western', 238),
(3858, 'ZM-02', 'Central', 238),
(3859, 'ZM-03', 'Eastern', 238),
(3860, 'ZM-04', 'Luapula', 238),
(3861, 'ZM-05', 'Northern', 238),
(3862, 'ZM-06', 'North-Western', 238),
(3863, 'ZM-07', 'Southern', 238),
(3864, 'ZM-08', 'Copperbelt', 238),
(3865, 'ZM-09', 'Lusaka', 238),
(3866, 'ZW-BU', 'Bulawayo', 239),
(3867, 'ZW-HA', 'Harare', 239),
(3868, 'ZW-MA', 'Manicaland', 239),
(3869, 'ZW-MC', 'Mashonaland Central', 239),
(3870, 'ZW-ME', 'Mashonaland East', 239),
(3871, 'ZW-MI', 'Midlands', 239),
(3872, 'ZW-MN', 'Matabeleland North', 239),
(3873, 'ZW-MS', 'Matabeleland South', 239),
(3874, 'ZW-MV', 'Masvingo', 239),
(3875, 'ZW-MW', 'Mashonaland West', 239);

-- --------------------------------------------------------

--
-- Table structure for table `tblquestionorder`
--

DROP TABLE IF EXISTS `tblquestionorder`;
CREATE TABLE IF NOT EXISTS `tblquestionorder` (
  `fkquestionid` int(10) UNSIGNED NOT NULL,
  `fkqparent` int(10) UNSIGNED NOT NULL,
  `jsanswer` json DEFAULT NULL,
  KEY `fkqparent` (`fkqparent`),
  KEY `tblquestionorder_ibfk_2` (`fkquestionid`)
) ENGINE=InnoDB DEFAULT CHARSET=utf8mb4 COLLATE=utf8mb4_unicode_ci;

--
-- Dumping data for table `tblquestionorder`
--

INSERT INTO `tblquestionorder` (`fkquestionid`, `fkqparent`, `jsanswer`) VALUES
(2, 1, '\"Commute\"'),
(4, 1, '\"Live On Campus\"'),
(5, 7, NULL),
(2, 14, '\"In-State\"'),
(21, 20, '\"Yes\"'),
(19, 15, '\"Yes\"');

-- --------------------------------------------------------

--
-- Table structure for table `tblquestions`
--

DROP TABLE IF EXISTS `tblquestions`;
CREATE TABLE IF NOT EXISTS `tblquestions` (
  `pkquestionid` int(10) UNSIGNED NOT NULL AUTO_INCREMENT,
  `txquestion` varchar(200) COLLATE utf8mb4_unicode_ci NOT NULL,
  `entype` enum('number','multiple choice','freeform') COLLATE utf8mb4_unicode_ci NOT NULL,
  PRIMARY KEY (`pkquestionid`)
) ENGINE=InnoDB AUTO_INCREMENT=45 DEFAULT CHARSET=utf8mb4 COLLATE=utf8mb4_unicode_ci;

--
-- Dumping data for table `tblquestions`
--

INSERT INTO `tblquestions` (`pkquestionid`, `txquestion`, `entype`) VALUES
(1, 'Would you rather commute or live on campus?', 'multiple choice'),
(2, 'How long would you be willing to drive in minutes when commuting?', 'multiple choice'),
(3, 'Where would you like to live when going to college?', 'multiple choice'),
(4, 'Would you like to have roommates or live by yourself?', 'multiple choice'),
(5, 'What would be your main focus in college?', 'multiple choice'),
(6, 'Are you interested in a fraternity or sorority?', 'multiple choice'),
(7, 'Are you interested in playing sports, either as a club or on a team?', 'multiple choice'),
(8, 'Are you interested in joining clubs?', 'multiple choice'),
(9, 'Would you consider to go study abroad if given the opportunity?', 'multiple choice'),
(10, 'Would you like to go to a vocational school?', 'multiple choice'),
(11, 'What kind of area would you like your college to be located at?', 'multiple choice'),
(12, 'Would you like to go to a Private or Public college?', 'multiple choice'),
(13, 'How big of the school would you like to go to?', 'multiple choice'),
(14, 'Would you rather go to an in-state or out-of-state college?', 'multiple choice'),
(15, 'Are you a veteran of the Armed Forces of the United States?', 'multiple choice'),
(16, 'How much in student loans would you be comfortable with having to pay off after graduation?', 'multiple choice'),
(17, 'Do you want to go to a religious college?  ', 'multiple choice'),
(18, 'What kind of college would you rather go to?', 'multiple choice'),
(19, 'As a US Veteran, what branch did you serve under?', 'multiple choice'),
(20, 'Do you have a disability?', 'multiple choice'),
(21, 'What type of disability do you have?', 'multiple choice');

-- --------------------------------------------------------

--
-- Table structure for table `tblsatconversion`
--

DROP TABLE IF EXISTS `tblsatconversion`;
CREATE TABLE IF NOT EXISTS `tblsatconversion` (
  `nold` int(10) UNSIGNED NOT NULL,
  `nnew` int(10) UNSIGNED NOT NULL,
  PRIMARY KEY (`nold`)
) ENGINE=InnoDB DEFAULT CHARSET=utf8mb4 COLLATE=utf8mb4_unicode_ci;

--
-- Dumping data for table `tblsatconversion`
--

INSERT INTO `tblsatconversion` (`nold`, `nnew`) VALUES
(600, 400),
(610, 410),
(620, 420),
(630, 430),
(640, 440),
(650, 450),
(660, 460),
(670, 470),
(680, 480),
(690, 490),
(700, 500),
(710, 510),
(720, 520),
(730, 530),
(740, 540),
(750, 550),
(760, 560),
(770, 580),
(780, 590),
(790, 600),
(800, 610),
(810, 620),
(820, 630),
(830, 640),
(840, 650),
(850, 660),
(860, 670),
(870, 680),
(880, 690),
(890, 690),
(900, 700),
(910, 710),
(920, 710),
(930, 720),
(940, 730),
(950, 730),
(960, 740),
(970, 740),
(980, 750),
(990, 760),
(1000, 760),
(1010, 770),
(1020, 780),
(1030, 780),
(1040, 790),
(1050, 800),
(1060, 800),
(1070, 810),
(1080, 810),
(1090, 820),
(1100, 830),
(1110, 830),
(1120, 840),
(1130, 850),
(1140, 850),
(1150, 860),
(1160, 870),
(1170, 870),
(1180, 880),
(1190, 890),
(1200, 890),
(1210, 900),
(1220, 910),
(1230, 910),
(1240, 920),
(1250, 930),
(1260, 930),
(1270, 940),
(1280, 950),
(1290, 950),
(1300, 960),
(1310, 970),
(1320, 980),
(1330, 980),
(1340, 990),
(1350, 1000),
(1360, 1000),
(1370, 1010),
(1380, 1020),
(1390, 1020),
(1400, 1030),
(1410, 1030),
(1420, 1040),
(1430, 1050),
(1440, 1050),
(1450, 1060),
(1460, 1070),
(1470, 1070),
(1480, 1080),
(1490, 1090),
(1500, 1090),
(1510, 1100),
(1520, 1110),
(1530, 1110),
(1540, 1120),
(1550, 1120),
(1560, 1130),
(1570, 1140),
(1580, 1570),
(1590, 1150),
(1600, 1160),
(1610, 1160),
(1620, 1170),
(1630, 1180),
(1640, 1180),
(1650, 1190),
(1660, 1200),
(1670, 1200),
(1680, 1210),
(1690, 1210),
(1700, 1220),
(1710, 1230),
(1720, 1230),
(1730, 1240),
(1740, 1250),
(1750, 1250),
(1760, 1260),
(1770, 1270),
(1780, 1270),
(1790, 1280),
(1800, 1290),
(1810, 1290),
(1820, 1300),
(1830, 1300),
(1840, 1310),
(1850, 1320),
(1860, 1320),
(1870, 1330),
(1880, 1340),
(1890, 1340),
(1900, 1350),
(1910, 1350),
(1920, 1360),
(1930, 1370),
(1940, 1370),
(1950, 1380),
(1960, 1380),
(1970, 1390),
(1980, 1400),
(1990, 1400),
(2000, 1410),
(2010, 1410),
(2020, 1420),
(2030, 1430),
(2040, 1430),
(2050, 1440),
(2060, 1440),
(2070, 1450),
(2080, 1450),
(2090, 1460),
(2110, 1470),
(2120, 1480),
(2130, 1480),
(2140, 1490),
(2150, 1490),
(2160, 1500),
(2170, 1500),
(2180, 1510),
(2190, 1510),
(2200, 1510),
(2210, 1520),
(2220, 1520),
(2230, 1530),
(2240, 1530),
(2250, 1540),
(2260, 1540),
(2270, 1550),
(2280, 1550),
(2290, 1550),
(2300, 1560),
(2310, 1560),
(2320, 1570),
(2330, 1570),
(2340, 1580),
(2350, 1580),
(2360, 1590),
(2370, 1590),
(2380, 1600),
(2390, 1600),
(2400, 1600);

-- --------------------------------------------------------

--
-- Table structure for table `tblsports`
--

DROP TABLE IF EXISTS `tblsports`;
CREATE TABLE IF NOT EXISTS `tblsports` (
  `pksportsid` int(10) UNSIGNED NOT NULL AUTO_INCREMENT,
  `nmsport` varchar(200) COLLATE utf8mb4_unicode_ci NOT NULL,
  PRIMARY KEY (`pksportsid`)
) ENGINE=InnoDB AUTO_INCREMENT=702 DEFAULT CHARSET=utf8mb4 COLLATE=utf8mb4_unicode_ci;

--
-- Dumping data for table `tblsports`
--

INSERT INTO `tblsports` (`pksportsid`, `nmsport`) VALUES
(1, 'Aerobatics'),
(2, 'Air Racing'),
(3, 'Cluster Ballooning'),
(4, 'Hopper Ballooning'),
(5, 'Gliding'),
(6, 'Hang Gliding'),
(7, 'Powered Hang Gliding'),
(8, 'Human Powered Aircraft'),
(9, 'Model Aircraft'),
(10, 'Parachuting'),
(11, 'Banzai Skydiving'),
(12, 'BASE Jumping'),
(13, 'Skydiving'),
(14, 'Skysurfing'),
(15, 'Windsuit Flying'),
(16, 'Paragliding'),
(17, 'Powered Paragliding'),
(18, 'Paramotoring'),
(19, 'Ultralight Aviation'),
(20, 'Archery'),
(21, 'Field Archery'),
(22, 'Flight Archery'),
(23, 'Gungdo'),
(24, 'Indoor Archery'),
(25, 'Kyd'),
(26, 'Popinjay'),
(27, 'Target Archery'),
(28, 'Badminton'),
(29, 'Ball Badminton'),
(30, 'Biribol'),
(31, 'Bossaball'),
(32, 'Fistball'),
(33, 'Footbag Net'),
(34, 'Football Tennis'),
(35, 'Footvolley'),
(36, 'Hooverball'),
(37, 'Jainzi'),
(38, 'Padel'),
(39, 'Peteca'),
(40, 'Pickleball'),
(41, 'Platform Tennis'),
(42, 'Rocball'),
(43, 'Sepak Takraw'),
(44, 'Sipa'),
(45, 'Table Tennis'),
(46, 'Tennis'),
(47, 'Throwball'),
(48, 'Valleyball'),
(49, 'Beach Volleyball'),
(50, 'Paralympic Volleyball'),
(51, 'Water Volleyball'),
(52, 'Wallyball'),
(53, 'Basketball'),
(54, 'Beach Basketball'),
(55, 'Deaf Basketball'),
(56, 'Streetball'),
(57, 'Water Basketball'),
(58, 'Wheelchair Basketball'),
(59, 'Cestoball'),
(60, 'Korfball'),
(61, 'Netball'),
(62, 'Fastnet'),
(63, 'Indoor Netball'),
(64, 'Ringball'),
(65, 'Slamball'),
(66, 'Baseball'),
(67, 'Softball'),
(68, 'Slow Pitch Softball'),
(69, 'Fast Pitch Softball'),
(70, '16 Inch Softball'),
(71, 'Bat and Trap'),
(72, 'British Baseball'),
(73, 'Brannboll'),
(74, 'Corkball'),
(75, 'Cricket'),
(76, 'Indoor Cricket'),
(77, 'Limited Overs Cricket'),
(78, 'One Day International Cricket'),
(79, 'Test Cricket'),
(80, 'Twenty20 Cricket'),
(81, 'Danish Longball'),
(82, 'Kickball'),
(83, 'Kilikiti'),
(84, 'Lapta'),
(85, 'The Massachusetts Game'),
(86, 'Matball'),
(87, 'Oina'),
(88, 'Old Cat'),
(89, 'Over the Line'),
(90, 'Palant'),
(91, 'Pesapallo'),
(92, 'Punchball'),
(93, 'Rounders'),
(94, 'Scrub Baseball'),
(95, 'Stickball'),
(96, 'Stool Ball'),
(97, 'Tee Ball'),
(98, 'Town Ball'),
(99, 'Vigoro'),
(100, 'Wireball'),
(101, 'Wiffleball'),
(102, 'Baton Twirling'),
(103, 'Competitive Dancing'),
(104, 'Cheerleading'),
(105, 'Gymnastics'),
(106, 'Drum Corps'),
(107, 'Marching Band'),
(108, 'Skateboarding'),
(109, 'Scootering'),
(110, 'Casterboarding'),
(111, 'Freeboard'),
(112, 'Longboarding'),
(113, 'Streetboarding'),
(114, 'Streetluge'),
(115, 'Snowboarding'),
(116, 'Mountainboarding'),
(117, 'Sandboarding'),
(118, 'Snowkiting'),
(119, 'Surfing'),
(120, 'Wakesurfing'),
(121, 'Bodyboarding'),
(122, 'Riverboarding'),
(123, 'Skimboarding'),
(124, 'Windsurfing'),
(125, 'Kneeboarding'),
(126, 'Paddleboarding'),
(127, 'Dodgeball'),
(128, 'Ga-ga'),
(129, 'Keep Away'),
(130, 'Kin Ball'),
(131, 'Newcomb Ball'),
(132, 'Quidditch'),
(133, 'Rundown'),
(134, 'Yukigassen'),
(135, 'Abseiling'),
(136, 'Aid Climbing'),
(137, 'Ice CLimbing'),
(138, 'Mixed Climbing'),
(139, 'Mountaineering'),
(140, 'Rock Climbing'),
(141, 'Bouldering'),
(142, 'Deep Water Soloing'),
(143, 'Sport Climbing'),
(144, 'Traditional Climbing'),
(145, 'Canyoning'),
(146, 'Coasteering'),
(147, 'Hiking'),
(148, 'Rope Climbing'),
(149, 'Pole Climbing'),
(150, 'Cycling'),
(151, 'Artistic Cycling'),
(152, 'BMX'),
(153, 'Cyclo-Cross'),
(154, 'Cross Country Mountain Biking'),
(155, 'Cycle Polo'),
(156, 'Cycle Speedway'),
(157, 'Downhill Mountain Biking'),
(158, 'Dirt Jumping'),
(159, 'Freestyle BMX'),
(160, 'Hardcourt Bike Polo'),
(161, 'Road Bicycle Racing'),
(162, 'Track Cycling'),
(163, 'Underwater Cycling'),
(164, 'Skibobbing'),
(165, 'Unicycling'),
(166, 'Mountain Unicycling'),
(167, 'Unicycle Basketball'),
(168, 'Unicycle Hockey'),
(169, 'Unicycle Trials'),
(170, 'Grappling'),
(171, 'Akiki Jujutsu'),
(172, 'Aikido'),
(173, 'Jujutsu'),
(174, 'Judo'),
(175, 'Brazilian Jiu-Jitsu'),
(176, 'Sambo'),
(177, 'Sumo'),
(178, 'Wrestling'),
(179, 'Amateur Wrestling'),
(180, 'Greco-Roman Wrestling'),
(181, 'Freestyle Wrestling'),
(182, 'Folk Wrestling'),
(183, 'Boli Khela'),
(184, 'Collar and Elbow Wrestling'),
(185, 'Cornish Wrestling'),
(186, 'Dumog'),
(187, 'Glima'),
(188, 'Gouren'),
(189, 'Kurash'),
(190, 'Lancashire Wrestling'),
(191, 'Catch Wrestling'),
(192, 'Malla Yuddha'),
(193, 'Mongolian Wrestling'),
(194, 'Pehlwani'),
(195, 'Professional Wrestling'),
(196, 'Schwingen'),
(197, 'Shuai Jiao'),
(198, 'Ssireum'),
(199, 'Varzesh-e Pahlavani'),
(200, 'Yagli Gures'),
(201, 'Greek Wrestling'),
(202, 'Choi Kwang-Do'),
(203, 'Cockfighting'),
(204, 'Boxing'),
(205, 'Bokator'),
(206, 'Capoeira'),
(207, 'Fujian White Crane'),
(208, 'Karate'),
(209, 'Kenpo'),
(210, 'Kickboxing'),
(211, 'Lethwei'),
(212, 'Muay Thai'),
(213, 'Pradal Serey'),
(214, 'Sanshou'),
(215, 'Savate'),
(216, 'Shaolin Kung Fu'),
(217, 'Sikaran'),
(218, 'Silat'),
(219, 'Subak'),
(220, 'Taekkyeon'),
(221, 'Taekwondo'),
(222, 'Taido'),
(223, 'Tang Soo Do'),
(224, 'Wing Chun'),
(225, 'Baguazhang'),
(226, 'Bando'),
(227, 'Bartitsu'),
(228, 'Bujinkan'),
(229, 'Hapkido'),
(230, 'Hwa Rang Do'),
(231, 'Jeet Kune Do'),
(232, 'Kajukenbo'),
(233, 'Kalaripayattu'),
(234, 'Krav Maga'),
(235, 'Kuk Sool Won'),
(236, 'Marine Corps Martial Arts Program'),
(237, 'Mixed Martial Arts'),
(238, 'Northern Praying Mantis'),
(239, 'Ninjutsu'),
(240, 'Pankration'),
(241, 'Pencak Silat'),
(242, 'Sanshou'),
(243, 'Shidokan Karate'),
(244, 'Shorin-ryu Shidokan'),
(245, 'Shoot Boxing'),
(246, 'Shootfighting'),
(247, 'Shorinji Kempo'),
(248, 'Systema'),
(249, 'Tai chi chuan'),
(250, 'Vajra Mushti'),
(251, 'Vale Tudo'),
(252, 'Vovinam'),
(253, 'Xing Yi Quan'),
(254, 'Zen Bu Kan Kempo'),
(255, 'Axe Throwing'),
(256, 'Battojutsu'),
(257, 'Boffer Fighting'),
(258, 'Eskrima'),
(259, 'Egyptian Stick Fencing'),
(260, 'Fencing'),
(261, 'Gatka'),
(262, 'Hojojutsu'),
(263, 'Iaido'),
(264, 'Iaijutsu'),
(265, 'Jodo'),
(266, 'Jogo do pau'),
(267, 'Jukendo'),
(268, 'Jittejutsu'),
(269, 'Kendo'),
(270, 'Kenjutsu'),
(271, 'Krabi Krabong'),
(272, 'Kung Fu'),
(273, 'Kyudo'),
(274, 'Kyujutsu'),
(275, 'Modern Arnis'),
(276, 'Naginatajutsu'),
(277, 'Nguni Stick Fighting'),
(278, 'Okinawan Kobudo'),
(279, 'Shurikenjutsu'),
(280, 'Silambam'),
(281, 'Sojutsu'),
(282, 'Sword Fighting'),
(283, 'Wushu'),
(284, 'Kumdo'),
(285, 'Wing Chun'),
(286, 'Airsoft'),
(287, 'Laser Tag'),
(288, 'Paintball'),
(289, 'Carom Billiards'),
(290, 'Three Cusion Billiards'),
(291, 'Five Pins Billiards'),
(292, 'Balkline and Straight Rail Billiards'),
(293, 'Cushion Caroms'),
(294, 'Four Ball Billiards'),
(295, 'Artistic Billiards'),
(296, 'Novuss'),
(297, 'Pocket Billiards'),
(298, 'Eight Ball'),
(299, 'Blackball'),
(300, 'Nine Ball'),
(301, 'Straight Pool'),
(302, 'One Pocket Billiards'),
(303, 'Three Ball Billiards'),
(304, 'Seven Ball Billiards'),
(305, 'Ten Ball Billiards'),
(306, 'Rotation Billiards'),
(307, 'Baseball Pocket Billiards'),
(308, 'Cribbage Pool'),
(309, 'Bank Pool'),
(310, 'Artistic Pool'),
(311, 'Trick Shot'),
(312, 'Speed Pool'),
(313, 'Bowlliards'),
(314, 'Chicago Billiards'),
(315, 'Kelly Pool'),
(316, 'Cutthroat'),
(317, 'Killer Billiards'),
(318, 'Russian Pyramid'),
(319, 'Snooker'),
(320, 'Sinuca Brasileira'),
(321, 'Six Red Snooker'),
(322, 'Snooker Plus'),
(323, 'English Billiards'),
(324, 'Bottle Pool'),
(325, 'Cowboy Pool'),
(326, 'Bagatelle'),
(327, 'Bar Billiards'),
(328, 'Bumper Pool'),
(329, 'Foosball'),
(330, 'Buzkashi'),
(331, 'Barrel Racing'),
(332, 'Campdrafting'),
(333, 'Cirit'),
(334, 'Charreada'),
(335, 'Chilean Rodeo'),
(336, 'Cross Country'),
(337, 'Cutting'),
(338, 'Dressage'),
(339, 'Endurance Riding'),
(340, 'English Pleasure'),
(341, 'Equitation'),
(342, 'Eventing'),
(343, 'Equestrain Vaulting'),
(344, 'Gymkhana'),
(345, 'Harness Racing'),
(346, 'Horse Racing'),
(347, 'Horseball'),
(348, 'Hunter'),
(349, 'Hunter Jumpers'),
(350, 'Jousting'),
(351, 'Pato'),
(352, 'Reining'),
(353, 'Show Jumping'),
(354, 'Steeplechase'),
(355, 'Sur Papakh'),
(356, 'Team Penning'),
(357, 'Tent Pegging'),
(358, 'Western Pleasure'),
(359, 'Fishing'),
(360, 'Angling'),
(361, 'Big Game Fishing'),
(362, 'Casting'),
(363, 'Noodling'),
(364, 'Spearfishing'),
(365, 'Sport Fishing'),
(366, 'Surf Fishing'),
(367, 'Rock Fishing'),
(368, 'Fly Fishing'),
(369, 'Ice Fishing'),
(370, 'Beach Ultimate'),
(371, 'Disc Dog'),
(372, 'Disc Golf'),
(373, 'Urban Disc Golf'),
(374, 'Dodge Disc'),
(375, 'Double Disc Court'),
(376, 'Flutterguts'),
(377, 'Freestyle'),
(378, 'Freestyle Competition'),
(379, 'Goalitimate'),
(380, 'Guts'),
(381, 'Hot Box'),
(382, 'Ultimate'),
(383, 'Chinlone'),
(384, 'Cuju'),
(385, 'Episkyros'),
(386, 'Harpastum'),
(387, 'Kemari'),
(388, 'Ki O Rahi'),
(389, 'Marn Grook'),
(390, 'Woggabaliri'),
(391, 'Yubi Lakpi'),
(392, 'Ba Game'),
(393, 'Caid'),
(394, 'Calcio Fiorentino'),
(395, 'Camping Football'),
(396, 'Chester le Street'),
(397, 'Cnapan'),
(398, 'Cornish Hurling'),
(399, 'Haxey Hood'),
(400, 'Knattleikr'),
(401, 'La Soule'),
(402, 'Lelo Burti'),
(403, 'Mob Football'),
(404, 'Royal Shrovetide Football'),
(405, 'Uppies and Downies'),
(406, 'Association Football'),
(407, 'Jorkyball'),
(408, 'Paralympic Football'),
(409, 'Powerchair Football'),
(410, 'Five-a-side Football'),
(411, 'Beach Soccer'),
(412, 'Futebol de Salao'),
(413, 'Futsal'),
(414, 'Papi Fut'),
(415, 'Indoor Soccer'),
(416, 'Masters Football'),
(417, 'Street Football'),
(418, 'Freestyle Football'),
(419, 'Keepie Uppie'),
(420, 'Swamp Football'),
(421, 'Three Sided Football'),
(422, 'Australian Football'),
(423, 'Nine-a-side Footy'),
(424, 'Rec Footy'),
(425, 'Metro Footy'),
(426, 'Eton College Field Game'),
(427, 'Eton College Wall Game'),
(428, 'Harrow Football'),
(429, 'Gaelic Football'),
(430, 'Gridiron Football'),
(431, 'American Football'),
(432, 'Eight-man Football'),
(433, 'Flag Football'),
(434, 'Indoor Football'),
(435, 'Arena Football'),
(436, 'Nine-man Football'),
(437, 'Six-man Football'),
(438, 'Sprint Football'),
(439, 'Touch Football'),
(440, 'Canadian Football'),
(441, 'Street Football'),
(442, 'Rugby'),
(443, 'Beach Rugby'),
(444, 'Rugby League'),
(445, 'Masters Rugby League'),
(446, 'Mod League'),
(447, 'Rugby League Nines'),
(448, 'Rugby League Sevens'),
(449, 'Tag Rugby'),
(450, 'Touch Football'),
(451, 'Wheelchair Rugby League'),
(452, 'Rugby Union'),
(453, 'American Flag Rugby'),
(454, 'Mini Rugby'),
(455, 'Rugby Sevens'),
(456, 'Tag Rugby'),
(457, 'Touch Rugby'),
(458, 'Rugby Tens'),
(459, 'Snow Rugby'),
(460, 'Austus'),
(461, 'Eton Wall Game'),
(462, 'International Rules Football'),
(463, 'Samoa Rules Football'),
(464, 'Speedball'),
(465, 'Universal Football'),
(466, 'Volata'),
(467, 'Golf'),
(468, 'Miniature Golf'),
(469, 'Match Play Golf'),
(470, 'Skins Game Golf'),
(471, 'Speed Golf'),
(472, 'Stroke Play Golf'),
(473, 'Team Play Golf'),
(474, 'Shotgun Start Golf'),
(475, 'Gymnastics'),
(476, 'Acrobatic Gymnastics'),
(477, 'Aerobic Gymnastics'),
(478, 'Artistic Gymnastics'),
(479, 'Balance Beam Gymnastics'),
(480, 'Floor Gymnastics'),
(481, 'High Bar Gymnastics'),
(482, 'Parallel Bars Gymnastics'),
(483, 'Pommel Horse Gymnastics'),
(484, 'Still Rings Gymnastics'),
(485, 'Uneven Bars Gymnastics'),
(486, 'Juggling'),
(487, 'Rhythmic Gymnastics'),
(488, 'Ball Gymnastics'),
(489, 'Club Gymnastics'),
(490, 'Hoop Gymnastics'),
(491, 'Ribbon Gymnastics'),
(492, 'Rope Gymnastics'),
(493, 'Rope Jumping'),
(494, 'Slacklining'),
(495, 'Trampolining'),
(496, 'Trapeze'),
(497, 'Flying Trapeze'),
(498, 'Static Trapeze'),
(499, 'Tumbling Gymnastics'),
(500, 'Goalball'),
(501, 'Tchoukball'),
(502, 'Team Handball'),
(503, 'Beach Handball'),
(504, 'Czech Handball'),
(505, 'Field Handball'),
(506, 'Torball'),
(507, 'Water Polo'),
(508, 'Hunting'),
(509, 'Beagling'),
(510, 'Big Game Hunting'),
(511, 'Deer Hunting'),
(512, 'Fox Hunting'),
(513, 'Hare Hunting'),
(514, 'Wolf Hunting'),
(515, 'Bandy'),
(516, 'Rink Bandy'),
(517, 'Broomball'),
(518, 'Curling'),
(519, 'Ice Hockey'),
(520, 'Ringette'),
(521, 'Ice Yachting'),
(522, 'Figure Sketing'),
(523, 'Ice Dancing'),
(524, 'Kite Buggy'),
(525, 'Kite Fighting'),
(526, 'Kite Langboarding'),
(527, 'Kitesurfing'),
(528, 'Parasailing'),
(529, 'Snow Kiting'),
(530, 'Sport Kite'),
(531, 'Adventure Racing'),
(532, 'Biathlon'),
(533, 'Duathlon'),
(534, 'Decathlon'),
(535, 'Heptathlon'),
(536, 'Icosathlon'),
(537, 'Modern Pentathlon'),
(538, 'Pentathlon'),
(539, 'Tetrathlon'),
(540, 'Triathlon'),
(541, 'Geocaching'),
(542, 'Orienteering'),
(543, 'Rogaining'),
(544, 'Letterboxing'),
(545, 'Waymarking'),
(546, 'American Handball'),
(547, 'Australian Handball'),
(548, 'Basque Pelota'),
(549, 'Jai Alai'),
(550, 'Fives'),
(551, 'Eton Fives'),
(552, 'Rugby Fives'),
(553, 'Frisian Handball'),
(554, 'Four Square'),
(555, 'Gaelic Handball'),
(556, 'Jeu de Paume'),
(557, 'Palla'),
(558, 'Patball'),
(559, 'Valencian Pilota'),
(560, 'Badminton'),
(561, 'Ball Badminton'),
(562, 'Basque Pelota'),
(563, 'Frontenis'),
(564, 'Xare'),
(565, 'Beach Tennis'),
(566, 'Matkot'),
(567, 'Padel'),
(568, 'Paleta Fronton'),
(569, 'Pelota Mixteca'),
(570, 'Pickleball'),
(571, 'Platform Tennis'),
(572, 'Qianball'),
(573, 'Racketlon'),
(574, 'Racqueball'),
(575, 'Racquets'),
(576, 'Real Tennis'),
(577, 'Soft Tennis'),
(578, 'Speed Ball'),
(579, 'Speedminton'),
(580, 'Squash'),
(581, 'Hardball Squash'),
(582, 'Squash Tennis'),
(583, 'Sticke'),
(584, 'Table Tennis'),
(585, 'Tennis'),
(586, 'Tennis Polo'),
(587, 'Model Aerobatics'),
(588, 'RC Racing'),
(589, 'Robot Combat'),
(590, 'Slot Car Racing'),
(591, 'Bullriding'),
(592, 'Barrel Racing'),
(593, 'Bronc Riding'),
(594, 'Saddle Bronc Riding'),
(595, 'Roping'),
(596, 'Calf Roping'),
(597, 'Team Roping'),
(598, 'Steer Wrestling'),
(599, 'Goat Tying'),
(600, 'Running'),
(601, 'Endurance Running'),
(602, '5K Run'),
(603, '10K Run'),
(604, 'Cross Country Running'),
(605, 'Half Marathon'),
(606, 'Marathon'),
(607, 'Road Running'),
(608, 'Ekiden'),
(609, 'Tower Running'),
(610, 'Ultramarathon'),
(611, 'Snowshoe Running'),
(612, 'Fell Running'),
(613, 'Trail Running'),
(614, 'Mountain Running'),
(615, 'Skyrunning'),
(616, 'Sprint'),
(617, 'Hurdles'),
(618, 'Sailing'),
(619, 'Ice Yachting'),
(620, 'Land Sailing'),
(621, 'Land Windsurfing'),
(622, 'Sailing'),
(623, 'Windsurfing'),
(624, 'Kiteboarding'),
(625, 'Dinghy Sailing'),
(626, 'Skiing'),
(627, 'Alpine Skiing'),
(628, 'Freestyle Skiing'),
(629, 'Nordic Combined'),
(630, 'Nordic Skiing'),
(631, 'Cross Country Skiing'),
(632, 'Telemark Skiing'),
(633, 'Ski Jumping'),
(634, 'Ski Touring'),
(635, 'Skijoring'),
(636, 'Speed Skiing'),
(637, 'Sledding'),
(638, 'Bobsleigh'),
(639, 'Luge'),
(640, 'Skibobbing'),
(641, 'Skeleton'),
(642, 'Toboggan'),
(643, 'Clay Pigeon Shooting'),
(644, 'Skeet Shooting'),
(645, 'Trap Shooting'),
(646, 'Sporting Clays'),
(647, 'Target Shooting'),
(648, 'Field Target Shooting'),
(649, 'Fullbore Target Rifle Shooting'),
(650, 'High Power Rifle Shooting'),
(651, 'Benchrest Shooting'),
(652, 'Metallic Silhouette Target Shooting'),
(653, 'Practical Shooting'),
(654, 'Cowboy Action Shooting'),
(655, 'Metallic Silhouette Shooting'),
(656, 'Card Stacking'),
(657, 'Dice Stacking'),
(658, 'Sport Stacking'),
(659, 'Hornussen'),
(660, 'Hockey'),
(661, 'Ball Hockey'),
(662, 'Bando'),
(663, 'Bandy'),
(664, 'Rink Bandy'),
(665, 'Broomball'),
(666, 'Moscow Broomball'),
(667, 'Field Hockey'),
(668, 'Indoor Field Hockey'),
(669, 'Floorball'),
(670, 'Ice Hockey'),
(671, 'Pond Hockey'),
(672, 'Power Hockey'),
(673, 'Sledge Hockey'),
(674, 'Underwater Ice Hockey'),
(675, 'Ringette'),
(676, 'Rinkball'),
(677, 'Roller Hockey'),
(678, 'Inline Hockey'),
(679, 'Quad Roller Hockey'),
(680, 'Skater Hockey'),
(681, 'Rossall Hockey'),
(682, 'Spongee'),
(683, 'Street Hockey'),
(684, 'Underwater Hockey'),
(685, 'Unicycle Hockey'),
(686, 'Cammag'),
(687, 'Hurling'),
(688, 'Camogie'),
(689, 'Shinty'),
(690, 'Composite Rules Shinty Hurling'),
(691, 'Lacrosse'),
(692, 'Box Lacrosse'),
(693, 'Field Lacrosse'),
(694, 'Womens Lacrosse'),
(695, 'Intercrosse'),
(696, 'Polo'),
(697, 'Bicycle Polo'),
(698, 'Canoe Polo'),
(699, 'Cowboy Polo'),
(700, 'Elephant Polo'),
(701, 'Horse Polo');

-- --------------------------------------------------------

--
-- Table structure for table `tblstudentlife`
--

DROP TABLE IF EXISTS `tblstudentlife`;
CREATE TABLE IF NOT EXISTS `tblstudentlife` (
  `fkcollegeid` int(10) UNSIGNED NOT NULL,
  `hasgreek` tinyint(1) UNSIGNED NOT NULL DEFAULT '0',
  `hasnewspaper` tinyint(1) UNSIGNED NOT NULL DEFAULT '0',
  `hasdrama` tinyint(1) UNSIGNED NOT NULL DEFAULT '0',
  `hasradio` tinyint(1) UNSIGNED NOT NULL DEFAULT '0',
  `hastv` tinyint(1) UNSIGNED NOT NULL DEFAULT '0',
  `hasband` tinyint(1) UNSIGNED NOT NULL DEFAULT '0',
  `haschoral` tinyint(1) UNSIGNED NOT NULL DEFAULT '0'
) ENGINE=InnoDB DEFAULT CHARSET=utf8mb4 COLLATE=utf8mb4_unicode_ci;

--
-- Dumping data for table `tblstudentlife`
--

INSERT INTO `tblstudentlife` (`fkcollegeid`, `hasgreek`, `hasnewspaper`, `hasdrama`, `hasradio`, `hastv`, `hasband`, `haschoral`) VALUES
(1, 1, 1, 1, 1, 0, 1, 1),
(3, 0, 1, 1, 1, 1, 1, 1),
(5, 1, 1, 0, 1, 0, 0, 1);

-- --------------------------------------------------------

--
-- Table structure for table `tbltokens`
--

DROP TABLE IF EXISTS `tbltokens`;
CREATE TABLE IF NOT EXISTS `tbltokens` (
  `pktokenid` int(64) UNSIGNED NOT NULL AUTO_INCREMENT,
  `jsonget` json NOT NULL,
  `dtexpire` timestamp NOT NULL,
  `txemail` varchar(40) COLLATE utf8mb4_unicode_ci NOT NULL,
  PRIMARY KEY (`pktokenid`)
) ENGINE=InnoDB DEFAULT CHARSET=utf8mb4 COLLATE=utf8mb4_unicode_ci;

-- --------------------------------------------------------

--
-- Table structure for table `tbluser`
--

DROP TABLE IF EXISTS `tbluser`;
CREATE TABLE IF NOT EXISTS `tbluser` (
  `pkuserid` int(10) UNSIGNED NOT NULL AUTO_INCREMENT,
  `nmfirst` varchar(20) COLLATE utf8mb4_unicode_ci NOT NULL,
  `nmlast` varchar(20) COLLATE utf8mb4_unicode_ci NOT NULL,
  `txemail` varchar(40) COLLATE utf8mb4_unicode_ci NOT NULL,
  `txemailalt` varchar(40) COLLATE utf8mb4_unicode_ci DEFAULT NULL,
  `txstreetaddress` varchar(50) COLLATE utf8mb4_unicode_ci DEFAULT NULL,
  `txcity` varchar(20) COLLATE utf8mb4_unicode_ci DEFAULT NULL,
  `fkprovinceid` int(10) UNSIGNED DEFAULT NULL,
  `txpostalcode` varchar(10) COLLATE utf8mb4_unicode_ci DEFAULT NULL,
  `nphone` bigint(15) UNSIGNED DEFAULT NULL,
  `dtgradyear` year(4) DEFAULT NULL,
  `txhash` varchar(255) COLLATE utf8mb4_unicode_ci NOT NULL,
  `isactive` tinyint(1) UNSIGNED NOT NULL DEFAULT '1',
  PRIMARY KEY (`pkuserid`),
  UNIQUE KEY `txemail` (`txemail`),
  KEY `fkprovinceid` (`fkprovinceid`)
) ENGINE=InnoDB AUTO_INCREMENT=2 DEFAULT CHARSET=utf8mb4 COLLATE=utf8mb4_unicode_ci;

--
-- Dumping data for table `tbluser`
--

INSERT INTO `tbluser` (`pkuserid`, `nmfirst`, `nmlast`, `txemail`, `txemailalt`, `txstreetaddress`, `txcity`, `fkprovinceid`, `txpostalcode`, `nphone`, `dtgradyear`, `txhash`, `isactive`) VALUES
(1, 'billy', 'test', 'billy@test.com', NULL, 'asdf', 'asdf', 3656, '12345', 12488675309, 2020, '$2y$10$gVjtfySSCUp2Ov7Evk/5sOvFAGKiYfURrzHpXWtg.Jo37XdSrADMS', 1);

-- --------------------------------------------------------

--
-- Table structure for table `tbluserpermissions`
--

DROP TABLE IF EXISTS `tbluserpermissions`;
CREATE TABLE IF NOT EXISTS `tbluserpermissions` (
  `fkpermissionid` int(10) UNSIGNED NOT NULL,
  `fkuserid` int(10) UNSIGNED NOT NULL,
  PRIMARY KEY (`fkpermissionid`,`fkuserid`),
  KEY `fkpermissionid` (`fkpermissionid`),
  KEY `fkuserid` (`fkuserid`)
) ENGINE=InnoDB DEFAULT CHARSET=utf8mb4 COLLATE=utf8mb4_unicode_ci;

--
-- Dumping data for table `tbluserpermissions`
--

INSERT INTO `tbluserpermissions` (`fkpermissionid`, `fkuserid`) VALUES
(1, 1);

-- --------------------------------------------------------

--
-- Table structure for table `tblweightconversion`
--

DROP TABLE IF EXISTS `tblweightconversion`;
CREATE TABLE IF NOT EXISTS `tblweightconversion` (
  `nimportant` int(2) UNSIGNED NOT NULL,
  `nweight` int(2) UNSIGNED NOT NULL
) ENGINE=InnoDB DEFAULT CHARSET=utf8mb4 COLLATE=utf8mb4_unicode_ci;

--
-- Dumping data for table `tblweightconversion`
--

INSERT INTO `tblweightconversion` (`nimportant`, `nweight`) VALUES
(1, 1),
(2, 2),
(3, 4),
(4, 8),
(5, 16);

--
-- Constraints for dumped tables
--

--
-- Constraints for table `tblanswer`
--
ALTER TABLE `tblanswer`
  ADD CONSTRAINT `tblanswer_ibfk_1` FOREIGN KEY (`fkquestionid`) REFERENCES `tblquestions` (`pkquestionid`) ON UPDATE CASCADE;

--
-- Constraints for table `tblcollege`
--
ALTER TABLE `tblcollege`
  ADD CONSTRAINT `tblcollege_ibfk_1` FOREIGN KEY (`fkprovinceid`) REFERENCES `tblprovince` (`pkstateid`) ON UPDATE CASCADE;

--
-- Constraints for table `tblcollegecampus`
--
ALTER TABLE `tblcollegecampus`
  ADD CONSTRAINT `tblcollegecampus_ibfk_1` FOREIGN KEY (`fkcollegeid`) REFERENCES `tblcollege` (`pkcollegeid`) ON DELETE CASCADE ON UPDATE CASCADE;

--
-- Constraints for table `tblcollegepoints`
--
ALTER TABLE `tblcollegepoints`
  ADD CONSTRAINT `tblcollegepoints_ibfk_1` FOREIGN KEY (`fkcollegeid`) REFERENCES `tblcollege` (`pkcollegeid`) ON DELETE CASCADE ON UPDATE CASCADE,
  ADD CONSTRAINT `tblcollegepoints_ibfk_2` FOREIGN KEY (`fkeduprofileid`) REFERENCES `tbleduprofile` (`fkuserid`) ON DELETE CASCADE ON UPDATE CASCADE;

--
-- Constraints for table `tblcollegerep`
--
ALTER TABLE `tblcollegerep`
  ADD CONSTRAINT `tblcollegerep_ibfk_1` FOREIGN KEY (`fkcollegeid`) REFERENCES `tblcollege` (`pkcollegeid`) ON DELETE CASCADE ON UPDATE CASCADE,
  ADD CONSTRAINT `tblcollegerep_ibfk_2` FOREIGN KEY (`fkuserid`) REFERENCES `tbluser` (`pkuserid`) ON DELETE CASCADE ON UPDATE CASCADE;

--
-- Constraints for table `tblcollegescholarship`
--
ALTER TABLE `tblcollegescholarship`
  ADD CONSTRAINT `tblcollegescholarship_ibfk_1` FOREIGN KEY (`fkcollegeid`) REFERENCES `tblcollege` (`pkcollegeid`) ON UPDATE CASCADE;

--
-- Constraints for table `tblcollegesite`
--
ALTER TABLE `tblcollegesite`
  ADD CONSTRAINT `tblcollegesite_ibfk_1` FOREIGN KEY (`fkcollegeid`) REFERENCES `tblcollege` (`pkcollegeid`) ON DELETE CASCADE ON UPDATE CASCADE;

--
-- Constraints for table `tblcollegesports`
--
ALTER TABLE `tblcollegesports`
  ADD CONSTRAINT `tblcollegesports_ibfk_1` FOREIGN KEY (`fkcollegeid`) REFERENCES `tblcollege` (`pkcollegeid`) ON DELETE CASCADE ON UPDATE CASCADE,
  ADD CONSTRAINT `tblcollegesports_ibfk_2` FOREIGN KEY (`fksportsid`) REFERENCES `tblsports` (`pksportsid`) ON DELETE CASCADE ON UPDATE CASCADE;

--
-- Constraints for table `tbleduprofile`
--
ALTER TABLE `tbleduprofile`
  ADD CONSTRAINT `tbleduprofile_ibfk_1` FOREIGN KEY (`fkmajor1`) REFERENCES `tblmajor` (`pkmajorid`) ON UPDATE CASCADE,
  ADD CONSTRAINT `tbleduprofile_ibfk_2` FOREIGN KEY (`fkmajor2`) REFERENCES `tblmajor` (`pkmajorid`) ON UPDATE CASCADE,
  ADD CONSTRAINT `tbleduprofile_ibfk_3` FOREIGN KEY (`fkmajor3`) REFERENCES `tblmajor` (`pkmajorid`) ON UPDATE CASCADE,
  ADD CONSTRAINT `tbleduprofile_ibfk_4` FOREIGN KEY (`fkmajorid`) REFERENCES `tblmajor` (`pkmajorid`) ON UPDATE CASCADE,
  ADD CONSTRAINT `tbleduprofile_ibfk_5` FOREIGN KEY (`fkresumeid`) REFERENCES `tblfile` (`pkfileid`) ON UPDATE CASCADE,
  ADD CONSTRAINT `tbleduprofile_ibfk_6` FOREIGN KEY (`fktranscriptid`) REFERENCES `tblfile` (`pkfileid`) ON UPDATE CASCADE,
  ADD CONSTRAINT `tbleduprofile_ibfk_7` FOREIGN KEY (`fkuserid`) REFERENCES `tbluser` (`pkuserid`) ON UPDATE CASCADE;

--
-- Constraints for table `tblmajorcollege`
--
ALTER TABLE `tblmajorcollege`
  ADD CONSTRAINT `tblmajorcollege_ibfk_1` FOREIGN KEY (`fkcollegeid`) REFERENCES `tblcollege` (`pkcollegeid`) ON DELETE CASCADE ON UPDATE CASCADE,
  ADD CONSTRAINT `tblmajorcollege_ibfk_2` FOREIGN KEY (`fkmajorid`) REFERENCES `tblmajor` (`pkmajorid`) ON DELETE CASCADE ON UPDATE CASCADE;

--
-- Constraints for table `tblnotification`
--
ALTER TABLE `tblnotification`
  ADD CONSTRAINT `tblnotification_ibfk_1` FOREIGN KEY (`fkuserid`) REFERENCES `tbluser` (`pkuserid`) ON DELETE CASCADE ON UPDATE CASCADE;

--
-- Constraints for table `tblprofileanswers`
--
ALTER TABLE `tblprofileanswers`
  ADD CONSTRAINT `tblprofileanswers_ibfk_1` FOREIGN KEY (`fkuserid`) REFERENCES `tbleduprofile` (`fkuserid`) ON UPDATE CASCADE,
  ADD CONSTRAINT `tblprofileanswers_ibfk_2` FOREIGN KEY (`fkquestionid`) REFERENCES `tblquestions` (`pkquestionid`) ON UPDATE CASCADE;

--
-- Constraints for table `tblprovince`
--
ALTER TABLE `tblprovince`
  ADD CONSTRAINT `tblprovince_ibfk_1` FOREIGN KEY (`fkcountryid`) REFERENCES `tblcountry` (`pkcountryid`) ON DELETE CASCADE ON UPDATE CASCADE;

--
-- Constraints for table `tblquestionorder`
--
ALTER TABLE `tblquestionorder`
  ADD CONSTRAINT `tblquestionorder_ibfk_1` FOREIGN KEY (`fkqparent`) REFERENCES `tblquestions` (`pkquestionid`) ON UPDATE CASCADE,
  ADD CONSTRAINT `tblquestionorder_ibfk_2` FOREIGN KEY (`fkquestionid`) REFERENCES `tblquestions` (`pkquestionid`) ON UPDATE CASCADE;

--
-- Constraints for table `tbluser`
--
ALTER TABLE `tbluser`
  ADD CONSTRAINT `tbluser_ibfk_1` FOREIGN KEY (`fkprovinceid`) REFERENCES `tblprovince` (`pkstateid`) ON UPDATE CASCADE;

--
-- Constraints for table `tbluserpermissions`
--
ALTER TABLE `tbluserpermissions`
  ADD CONSTRAINT `tbluserpermissions_ibfk_1` FOREIGN KEY (`fkpermissionid`) REFERENCES `tblpermission` (`pkpermissionid`) ON DELETE CASCADE ON UPDATE CASCADE,
  ADD CONSTRAINT `tbluserpermissions_ibfk_2` FOREIGN KEY (`fkuserid`) REFERENCES `tbluser` (`pkuserid`) ON DELETE CASCADE ON UPDATE CASCADE;
COMMIT;

/*!40101 SET CHARACTER_SET_CLIENT=@OLD_CHARACTER_SET_CLIENT */;
/*!40101 SET CHARACTER_SET_RESULTS=@OLD_CHARACTER_SET_RESULTS */;
/*!40101 SET COLLATION_CONNECTION=@OLD_COLLATION_CONNECTION */;
